"imdb","trakt_id","watched_at","title","year","slug"
"tt0335266","118","2020-03-10T19:09:00.000Z","b'Lost in Translation'","2003","lost-in-translation-2003"
"tt3315342","161972","2020-03-09T20:25:00.000Z","b'Logan'","2017","logan-2017"
"tt0305357","4757","2020-03-08T20:08:21.000Z","b""Charlie's Angels: Full Throttle""","2003","charlie-s-angels-full-throttle-2003"
"tt0160127","2541","2020-03-08T20:08:12.000Z","b""Charlie's Angels""","2000","charlie-s-angels-2000"
"tt3907584","221327","2020-03-08T19:59:00.000Z","b'All the Bright Places'","2020","all-the-bright-places-2020"
"tt5770864","260312","2020-03-08T17:18:00.000Z","b'The Man from Earth: Holocene'","2017","the-man-from-earth-holocene-2017"
"tt0756683","7848","2020-03-08T15:46:00.000Z","b'The Man from Earth'","2007","the-man-from-earth-2007"
"tt0360486","442","2020-03-07T19:08:00.000Z","b'Constantine'","2005","constantine-2005"
"tt8772262","382491","2020-03-07T13:00:00.000Z","b'Midsommar'","2019","midsommar-2019"
"tt3472226","152524","2020-03-06T22:10:00.000Z","b'Kung Fury'","2015","kung-fury-2015"
"tt3986820","273954","2020-03-04T20:29:00.000Z","b'The Endless'","2018","the-endless-2018"
"tt1650062","24185","2020-03-04T15:54:00.000Z","b'Super 8'","2011","super-8-2011"
"tt5726086","250712","2020-03-03T17:35:00.000Z","b'Insidious: The Last Key'","2018","insidious-the-last-key-2018"
"tt3195644","177585","2020-03-02T18:58:00.000Z","b'Insidious: Chapter 3'","2015","insidious-chapter-3-2015"
"tt2226417","67889","2020-03-01T19:10:00.000Z","b'Insidious: Chapter 2'","2013","insidious-chapter-2-2013"
"tt1591095","34068","2020-03-01T16:23:00.000Z","b'Insidious'","2010","insidious-2010"
"tt4361050","216569","2020-03-01T12:57:00.000Z","b'Ouija: Origin of Evil'","2016","ouija-origin-of-evil-2016"
"tt0130018","2306","2020-03-01T12:54:29.000Z","b'I Still Know What You Did Last Summer'","1998","i-still-know-what-you-did-last-summer-1998"
"tt0435651","138918","2020-02-29T15:52:00.000Z","b'The Giver'","2014","the-giver-2014"
"tt3118452","216627","2020-02-29T13:02:00.000Z","b'Circle'","2015","circle-2015"
"tt4530422","312112","2020-02-26T19:47:00.000Z","b'Overlord'","2018","overlord-2018"
"tt5442430","238825","2020-02-25T20:18:27.000Z","b'Life'","2017","life-2017"
"tt3717252","222674","2020-02-24T20:25:37.000Z","b'Underworld: Blood Wars'","2016","underworld-blood-wars-2016"
"tt0103639","655","2020-02-23T22:08:44.000Z","b'Aladdin'","1992","aladdin-1992"
"tt0339291","6804","2020-02-23T20:42:39.000Z","b""Lemony Snicket's A Series of Unfortunate Events""","2004","lemony-snicket-s-a-series-of-unfortunate-events-2004"
"tt0441773","4783","2020-02-23T20:42:16.000Z","b'Kung Fu Panda'","2008","kung-fu-panda-2008"
"tt0095953","304","2020-02-23T19:58:52.000Z","b'Rain Man'","1988","rain-man-1988"
"tt0111161","234","2020-02-16T19:29:57.000Z","b'The Shawshank Redemption'","1994","the-shawshank-redemption-1994"
"tt2140479","203309","2020-02-16T16:07:41.000Z","b'The Accountant'","2016","the-accountant-2016"
"tt0075860","683","2020-02-15T20:27:44.000Z","b'Close Encounters of the Third Kind'","1977","close-encounters-of-the-third-kind-1977"
"tt4687108","371189","2020-02-15T15:16:37.000Z","b'In the Tall Grass'","2019","in-the-tall-grass-2019"
"tt3065204","158947","2020-02-15T11:21:13.000Z","b'The Conjuring 2'","2016","the-conjuring-2-2016"
"tt0277371","6493","2020-02-09T01:00:00.000Z","b'Not Another Teen Movie'","2001","not-another-teen-movie-2001"
"tt5022702","228121","2020-02-08T16:26:11.000Z","b'Hush'","2016","hush-2016"
"tt6266538","312722","2020-02-08T13:11:10.000Z","b'Vice'","2018","vice-2018"
"tt1950186","324762","2020-02-08T10:01:38.000Z","b'Ford v Ferrari'","2019","ford-v-ferrari-2019"
"tt2321502","92356","2020-02-07T21:00:00.000Z","b'Uncanny'","2015","uncanny-2015"
"tt1234541","9994","2020-02-07T19:28:14.000Z","b'The Butterfly Effect 3: Revelations'","2009","the-butterfly-effect-3-revelations-2009"
"tt0457297","8822","2020-02-07T17:30:43.000Z","b'The Butterfly Effect 2'","2006","the-butterfly-effect-2-2006"
"tt5362988","238651","2020-02-06T19:40:08.000Z","b'Wind River'","2017","wind-river-2017"
"tt1188729","12216","2020-02-06T17:18:27.000Z","b'Pandorum'","2009","pandorum-2009"
"tt3605418","162293","2020-02-06T06:41:38.000Z","b'Knock Knock'","2015","knock-knock-2015"
"tt2011961","73814","2020-02-05T12:14:55.000Z","b'Ducoboo 2: Crazy Vacation'","2012","ducoboo-2-crazy-vacation-2012"
"tt1810864","50060","2020-02-05T12:14:52.000Z","b'Ducoboo'","2011","ducoboo-2011"
"tt1707386","61868","2020-02-04T22:07:46.000Z","b'Les Mis\xc3\xa9rables'","2012","les-miserables-2012"
"tt1597522","71888","2020-02-04T22:07:17.000Z","b'Asterix & Obelix: God Save Britannia'","2012","asterix-obelix-god-save-britannia-2012"
"tt0463872","1685","2020-02-04T22:07:17.000Z","b'Asterix at the Olympic Games'","2008","asterix-at-the-olympic-games-2008"
"tt0133385","4842","2020-02-04T22:07:14.000Z","b'Asterix & Obelix Take on Caesar'","1999","asterix-obelix-take-on-caesar-1999"
"tt0250223","1925","2020-02-04T22:06:58.000Z","b'Asterix & Obelix: Mission Cleopatra'","2002","asterix-obelix-mission-cleopatra-2002"
"tt0372824","3135","2020-02-04T22:06:36.000Z","b'The Chorus'","2004","the-chorus-2004"
"tt4610748","280371","2020-02-04T20:46:24.000Z","b""Devil's Gate""","2017","devil-s-gate-2017"
"tt1600195","42895","2020-02-04T20:44:08.000Z","b'Abduction'","2011","abduction-2011"
"tt0362120","2504","2020-02-04T19:23:23.000Z","b'Scary Movie 4'","2006","scary-movie-4-2006"
"tt0139809","842","2020-02-04T18:57:00.000Z","b'The Thirteenth Floor'","1999","the-thirteenth-floor-1999"
"tt0905372","43676","2020-02-04T16:34:14.000Z","b'The Thing'","2011","the-thing-2011"
"tt5606664","353053","2020-02-03T17:36:00.000Z","b'Doctor Sleep'","2019","doctor-sleep-2019"
"tt1392190","56360","2020-02-02T20:06:53.000Z","b'Mad Max: Fury Road'","2015","mad-max-fury-road-2015"
"tt0077651","788","2020-01-29T22:21:29.000Z","b'Halloween'","1978","halloween-1978"
"tt0365559","11648","2020-01-29T22:19:16.000Z","b'Nirvana: Unplugged in New York'","1994","nirvana-unplugged-in-new-york-1994"
"tt0086541","680","2020-01-29T20:25:55.000Z","b'Videodrome'","1983","videodrome-1983"
"tt0787524","222432","2020-01-28T20:15:01.000Z","b'The Man Who Knew Infinity'","2016","the-man-who-knew-infinity-2016"
"tt0421073","880","2020-01-27T19:33:27.000Z","b'Street Kings'","2008","street-kings-2008"
"tt0120907","1317","2020-01-27T16:17:47.000Z","b'eXistenZ'","1999","existenz-1999"
"tt0162222","4149","2020-01-27T14:09:34.000Z","b'Cast Away'","2000","cast-away-2000"
"tt0134084","2483","2020-01-27T11:42:34.000Z","b'Scream 3'","2000","scream-3-2000"
"tt0120082","2482","2020-01-27T11:42:34.000Z","b'Scream 2'","1997","scream-2-1997"
"tt0117571","2481","2020-01-27T11:42:34.000Z","b'Scream'","1996","scream-1996"
"tt1311067","14507","2020-01-26T12:36:36.000Z","b'Halloween II'","2009","halloween-ii-2009"
"tt0373883","1431","2020-01-26T12:36:22.000Z","b'Halloween'","2007","halloween-2007"
"tt0467197","7608","2020-01-25T20:15:10.000Z","b'Max Payne'","2008","max-payne-2008"
"tt0087469","56","2020-01-20T22:16:07.000Z","b'Indiana Jones and the Temple of Doom'","1984","indiana-jones-and-the-temple-of-doom-1984"
"tt0126029","651","2020-01-20T22:15:29.000Z","b'Shrek'","2001","shrek-2001"
"tt0413099","1811","2020-01-20T22:09:06.000Z","b'Evan Almighty'","2007","evan-almighty-2007"
"tt0315327","261","2020-01-20T22:08:49.000Z","b'Bruce Almighty'","2003","bruce-almighty-2003"
"tt3393786","222913","2020-01-20T22:06:20.000Z","b'Jack Reacher: Never Go Back'","2016","jack-reacher-never-go-back-2016"
"tt0369339","998","2020-01-20T22:06:10.000Z","b'Collateral'","2004","collateral-2004"
"tt0325710","492","2020-01-20T22:04:49.000Z","b'The Last Samurai'","2003","the-last-samurai-2003"
"tt0227538","5277","2020-01-19T20:53:47.000Z","b'Spy Kids'","2001","spy-kids-2001"
"tt0287717","4772","2020-01-19T20:53:44.000Z","b'Spy Kids 2: The Island of Lost Dreams'","2002","spy-kids-2-the-island-of-lost-dreams-2002"
"tt0427392","2826","2020-01-19T19:22:29.000Z","b'The Invasion'","2007","the-invasion-2007"
"tt1457767","93164","2020-01-19T01:03:35.000Z","b'The Conjuring'","2013","the-conjuring-2013"
"tt6195094","323744","2020-01-18T23:23:16.000Z","b'Ghostland'","2018","ghostland-2018"
"tt1077258","1353","2020-01-18T21:35:10.000Z","b'Planet Terror'","2007","planet-terror-2007"
"tt5700182","393691","2020-01-16T19:57:55.000Z","b'Starfish'","2018","starfish-2018"
"tt6751668","343180","2020-01-16T16:45:59.000Z","b'Parasite'","2019","parasite-2019"
"tt0477080","29789","2020-01-14T20:15:00.000Z","b'Unstoppable'","2010","unstoppable-2010"
"tt0118971","1199","2020-01-12T19:10:33.000Z","b""The Devil's Advocate""","1997","the-devil-s-advocate-1997"
"tt4550098","221103","2020-01-12T15:32:26.000Z","b'Nocturnal Animals'","2016","nocturnal-animals-2016"
"tt2980736","83618","2020-01-09T17:47:27.000Z","b'Dragon Ball: Episode of Bardock'","2011","dragon-ball-episode-of-bardock-2011"
"tt0142232","11065","2020-01-09T17:46:59.000Z","b""Dragon Ball GT: A Hero's Legacy""","1997","dragon-ball-gt-a-hero-s-legacy-1997"
"tt1277953","59799","2020-01-08T22:36:40.000Z","b""Madagascar 3: Europe's Most Wanted""","2012","madagascar-3-europe-s-most-wanted-2012"
"tt7653254","339283","2020-01-08T20:17:56.000Z","b'Marriage Story'","2019","marriage-story-2019"
"tt5700672","239425","2020-01-07T20:20:50.000Z","b'Train to Busan'","2016","train-to-busan-2016"
"tt0289879","1323","2020-01-06T20:00:00.000Z","b'The Butterfly Effect'","2004","the-butterfly-effect-2004"
"tt8695030","387368","2020-01-05T20:22:04.000Z","b""The Dead Don't Die""","2019","the-dead-don-t-die-2019"
"tt1092026","25703","2020-01-05T09:53:15.000Z","b'Paul'","2011","paul-2011"
"tt0249462","42","2020-01-05T09:51:27.000Z","b'Billy Elliot'","2000","billy-elliot-2000"
"tt1979320","70421","2020-01-05T09:51:07.000Z","b'Rush'","2013","rush-2013"
"tt2592614","110398","2020-01-05T09:49:00.000Z","b'Resident Evil: The Final Chapter'","2016","resident-evil-the-final-chapter-2016"
"tt0367594","87","2020-01-05T09:47:58.000Z","b'Charlie and the Chocolate Factory'","2005","charlie-and-the-chocolate-factory-2005"
"tt1401152","33289","2020-01-05T09:45:47.000Z","b'Unknown'","2011","unknown-2011"
"tt0274166","4770","2020-01-05T09:45:27.000Z","b'Johnny English'","2003","johnny-english-2003"
"tt6921996","310488","2020-01-05T09:44:27.000Z","b'Johnny English Strikes Again'","2018","johnny-english-strikes-again-2018"
"tt0859163","1164","2020-01-05T09:44:00.000Z","b'The Mummy: Tomb of the Dragon Emperor'","2008","the-mummy-tomb-of-the-dragon-emperor-2008"
"tt0865556","1159","2020-01-05T09:44:00.000Z","b'The Forbidden Kingdom'","2008","the-forbidden-kingdom-2008"
"tt0342258","5252","2020-01-05T09:42:23.000Z","b'Unleashed'","2005","unleashed-2005"
"tt1509767","36942","2020-01-05T09:42:20.000Z","b'The Three Musketeers'","2011","the-three-musketeers-2011"
"tt1590193","242227","2020-01-05T09:41:13.000Z","b'The Commuter'","2018","the-commuter-2018"
"tt0096895","224","2020-01-05T09:40:39.000Z","b'Batman'","1989","batman-1989"
"tt0363771","329","2020-01-05T09:38:42.000Z","b'The Chronicles of Narnia: The Lion, the Witch and the Wardrobe'","2005","the-chronicles-of-narnia-the-lion-the-witch-and-the-wardrobe-2005"
"tt3062074","150874","2020-01-05T09:36:36.000Z","b'Sharknado 2: The Second One'","2014","sharknado-2-the-second-one-2014"
"tt1959490","65316","2020-01-04T21:05:13.000Z","b'Noah'","2014","noah-2014"
"tt0337978","1028","2020-01-04T19:34:58.000Z","b'Live Free or Die Hard'","2007","live-free-or-die-hard-2007"
"tt6565702","200946","2020-01-03T22:23:07.000Z","b'Dark Phoenix'","2019","dark-phoenix-2019"
"tt1632708","35353","2020-01-03T22:13:23.000Z","b'Friends with Benefits'","2011","friends-with-benefits-2011"
"tt1560220","219433","2020-01-03T20:35:25.000Z","b'Zombieland: Double Tap'","2019","zombieland-double-tap-2019"
"tt5057140","238665","2020-01-03T17:16:55.000Z","b'Hold the Dark'","2018","hold-the-dark-2018"
"tt7131622","313464","2020-01-02T19:52:11.000Z","b'Once Upon a Time\xe2\x80\xa6 in Hollywood'","2019","once-upon-a-time-in-hollywood-2019"
"tt0800320","11558","2020-01-01T23:40:10.000Z","b'Clash of the Titans'","2010","clash-of-the-titans-2010"
"tt1568346","47598","2020-01-01T23:37:13.000Z","b'The Girl with the Dragon Tattoo'","2011","the-girl-with-the-dragon-tattoo-2011"
"tt1034303","8209","2020-01-01T23:37:13.000Z","b'Defiance'","2008","defiance-2008"
"tt1077368","44680","2020-01-01T23:35:13.000Z","b'Dark Shadows'","2012","dark-shadows-2012"
"tt0385752","1597","2020-01-01T23:35:13.000Z","b'The Golden Compass'","2007","the-golden-compass-2007"
"tt0113189","582","2020-01-01T23:34:30.000Z","b'GoldenEye'","1995","goldeneye-1995"
"tt0120347","586","2020-01-01T23:33:21.000Z","b'Tomorrow Never Dies'","1997","tomorrow-never-dies-1997"
"tt0143145","23290","2020-01-01T23:33:18.000Z","b'The World Is Not Enough'","1999","the-world-is-not-enough-1999"
"tt0381061","23217","2020-01-01T23:32:59.000Z","b'Casino Royale'","2006","casino-royale-2006"
"tt0375912","2819","2020-01-01T21:40:47.000Z","b'Layer Cake'","2004","layer-cake-2004"
"tt2719848","153969","2020-01-01T19:40:12.000Z","b'Everest'","2015","everest-2015"
"tt5669936","301861","2020-01-01T17:28:24.000Z","b'The Recall'","2017","the-recall-2017"
"tt2873282","254340","2019-12-30T10:16:43.000Z","b'Red Sparrow'","2018","red-sparrow-2018"
"tt4912910","222160","2019-12-29T21:18:22.000Z","b'Mission: Impossible - Fallout'","2018","mission-impossible-fallout-2018"
"tt3532216","217731","2019-12-29T19:22:47.000Z","b'American Made'","2017","american-made-2017"
"tt6146586","304278","2019-12-29T14:34:29.000Z","b'John Wick: Chapter 3 - Parabellum'","2019","john-wick-chapter-3-parabellum-2019"
"tt8328716","368959","2019-12-27T20:17:23.000Z","b'Doom: Annihilation'","2019","doom-annihilation-2019"
"tt1663202","179334","2019-12-26T21:49:51.000Z","b'The Revenant'","2015","the-revenant-2015"
"tt1270797","216715","2019-12-26T21:47:36.000Z","b'Venom'","2018","venom-2018"
"tt0307479","1452","2019-12-26T17:18:05.000Z","b'Solaris'","2002","solaris-2002"
"tt1098327","8480","2019-12-26T17:14:08.000Z","b'Dragonball Evolution'","2009","dragonball-evolution-2009"
"tt4986098","324153","2019-12-26T17:13:57.000Z","b'The Titan'","2018","the-titan-2018"
"tt0285492","348","2019-12-26T17:13:35.000Z","b'Cube 2: Hypercube'","2002","cube-2-hypercube-2002"
"tt0246894","6617","2019-12-26T17:13:13.000Z","b'Rollerball'","2002","rollerball-2002"
"tt0311429","4277","2019-12-26T17:12:38.000Z","b'The League of Extraordinary Gentlemen'","2003","the-league-of-extraordinary-gentlemen-2003"
"tt1385826","24500","2019-12-26T17:12:34.000Z","b'The Adjustment Bureau'","2011","the-adjustment-bureau-2011"
"tt0338459","7174","2019-12-26T17:11:30.000Z","b'Spy Kids 3-D: Game Over'","2003","spy-kids-3-d-game-over-2003"
"tt0116996","45","2019-12-26T17:11:07.000Z","b'Mars Attacks!'","1996","mars-attacks-1996"
"tt0448134","885","2019-12-26T17:10:26.000Z","b'Sunshine'","2007","sunshine-2007"
"tt0117218","4624","2019-12-26T17:10:11.000Z","b'The Nutty Professor'","1996","the-nutty-professor-1996"
"tt1533749","39288","2019-12-26T17:08:20.000Z","b'Shaolin'","2011","shaolin-2011"
"tt1155076","24931","2019-12-26T17:08:07.000Z","b'The Karate Kid'","2010","the-karate-kid-2010"
"tt0288045","5785","2019-12-26T17:07:59.000Z","b'The Medallion'","2003","the-medallion-2003"
"tt0327437","5416","2019-12-26T17:07:59.000Z","b'Around the World in 80 Days'","2004","around-the-world-in-80-days-2004"
"tt0068767","6785","2019-12-26T17:06:32.000Z","b'Fist of Fury'","1972","fist-of-fury-1972"
"tt0290095","5933","2019-12-26T17:05:43.000Z","b'The Tuxedo'","2002","the-tuxedo-2002"
"tt0114898","5063","2019-12-26T17:05:20.000Z","b'Waterworld'","1995","waterworld-1995"
"tt0120685","771","2019-12-26T17:04:57.000Z","b'Godzilla'","1998","godzilla-1998"
"tt0097523","4646","2019-12-26T17:04:31.000Z","b'Honey, I Shrunk the Kids'","1989","honey-i-shrunk-the-kids-1989"
"tt1104001","12601","2019-12-26T17:04:19.000Z","b'TRON: Legacy'","2010","tron-legacy-2010"
"tt0078346","1298","2019-12-26T17:04:03.000Z","b'Superman'","1978","superman-1978"
"tt4500922","217461","2019-12-26T17:03:48.000Z","b'Maze Runner: The Death Cure'","2018","maze-runner-the-death-cure-2018"
"tt4046784","190987","2019-12-26T17:03:25.000Z","b'Maze Runner: The Scorch Trials'","2015","maze-runner-the-scorch-trials-2015"
"tt2557478","167163","2019-12-26T17:03:03.000Z","b'Pacific Rim: Uprising'","2018","pacific-rim-uprising-2018"
"tt0472033","7146","2019-12-26T17:02:53.000Z","b'9'","2009","9-2009"
"tt0118688","331","2019-12-26T17:02:50.000Z","b'Batman & Robin'","1997","batman-robin-1997"
"tt0831887","4108","2019-12-26T16:59:14.000Z","b'The Spirit'","2008","the-spirit-2008"
"tt1441395","70756","2019-12-26T16:57:11.000Z","b'Under the Skin'","2014","under-the-skin-2014"
"tt2283336","326808","2019-12-26T14:43:38.000Z","b'Men in Black: International'","2019","men-in-black-international-2019"
"tt4154916","237986","2019-12-26T12:38:28.000Z","b'Replicas'","2018","replicas-2018"
"tt0212720","520","2019-12-23T19:21:29.000Z","b'A.I. Artificial Intelligence'","2001","a-i-artificial-intelligence-2001"
"tt0329774","6753","2019-12-23T18:52:26.000Z","b'xXx: State of the Union'","2005","xxx-state-of-the-union-2005"
"tt0955411","13600","2019-12-23T18:44:20.000Z","b'The Ten Commandments'","2007","the-ten-commandments-2007"
"tt0473075","4821","2019-12-23T18:44:09.000Z","b'Prince of Persia: The Sands of Time'","2010","prince-of-persia-the-sands-of-time-2010"
"tt3778644","221890","2019-12-23T13:32:06.000Z","b'Solo: A Star Wars Story'","2018","solo-a-star-wars-story-2018"
"tt2960930","163697","2019-12-22T22:05:29.000Z","b'Extraterrestrial'","2014","extraterrestrial-2014"
"tt0389722","2648","2019-12-22T19:53:58.000Z","b'30 Days of Night'","2007","30-days-of-night-2007"
"tt9177882","405414","2019-12-22T16:34:46.000Z","b'Constantine: City of Demons - The Movie'","2018","constantine-city-of-demons-the-movie-2018"
"tt8110640","380096","2019-12-20T20:19:01.000Z","b'In the Shadow of the Moon'","2019","in-the-shadow-of-the-moon-2019"
"tt2935510","298164","2019-12-19T19:57:47.000Z","b'Ad Astra'","2019","ad-astra-2019"
"tt7286456","322988","2019-12-19T17:10:28.000Z","b'Joker'","2019","joker-2019"
"tt3748528","211396","2019-12-16T18:00:41.000Z","b'Rogue One: A Star Wars Story'","2016","rogue-one-a-star-wars-story-2016"
"tt2316411","114374","2019-12-15T20:17:11.000Z","b'Enemy'","2013","enemy-2013"
"tt0251075","4686","2019-12-08T19:40:03.000Z","b'Evolution'","2001","evolution-2001"
"tt0146336","5114","2019-12-05T17:19:55.000Z","b'Urban Legend'","1998","urban-legend-1998"
"tt4703048","225022","2019-12-01T20:26:47.000Z","b'6 Days'","2017","6-days-2017"
"tt0162661","1799","2019-11-30T19:41:06.000Z","b'Sleepy Hollow'","1999","sleepy-hollow-1999"
"tt2910814","147496","2019-11-25T17:05:11.000Z","b'The Signal'","2014","the-signal-2014"
"tt2345759","179407","2019-11-24T20:18:06.000Z","b'The Mummy'","2017","the-mummy-2017"
"tt1528100","97444","2019-11-24T15:27:56.000Z","b'Exodus: Gods and Kings'","2014","exodus-gods-and-kings-2014"
"tt4263482","196130","2019-11-24T15:23:24.000Z","b'The Witch'","2015","the-witch-2015"
"tt4332232","419493","2019-11-24T15:20:21.000Z","b'Fractured'","2019","fractured-2019"
"tt8178486","361121","2019-11-23T15:07:32.000Z","b'Earthquake Bird'","2019","earthquake-bird-2019"
"tt9243946","410927","2019-11-20T16:56:16.000Z","b'El Camino: A Breaking Bad Movie'","2019","el-camino-a-breaking-bad-movie-2019"
"tt1515091","41908","2019-11-19T07:22:44.000Z","b'Sherlock Holmes: A Game of Shadows'","2011","sherlock-holmes-a-game-of-shadows-2011"
"tt0988045","5706","2019-11-19T07:22:01.000Z","b'Sherlock Holmes'","2009","sherlock-holmes-2009"
"tt0134119","859","2019-11-18T18:44:01.000Z","b'The Talented Mr. Ripley'","1999","the-talented-mr-ripley-1999"
"tt1010048","7198","2019-11-15T20:10:24.000Z","b'Slumdog Millionaire'","2008","slumdog-millionaire-2008"
"tt3170832","163360","2019-11-13T20:00:00.000Z","b'Room'","2015","room-2015"
"tt1139328","6527","2019-11-12T20:40:15.000Z","b'The Ghost Writer'","2010","the-ghost-writer-2010"
"tt0120755","794","2019-11-12T20:34:20.000Z","b'Mission: Impossible II'","2000","mission-impossible-ii-2000"
"tt0209163","1163","2019-11-12T19:59:30.000Z","b'The Mummy Returns'","2001","the-mummy-returns-2001"
"tt0120616","445","2019-11-12T19:59:30.000Z","b'The Mummy'","1999","the-mummy-1999"
"tt1964418","102924","2019-11-11T19:28:11.000Z","b'Tomorrowland'","2015","tomorrowland-2015"
"tt6243140","322528","2019-11-11T14:17:28.000Z","b'Ravenous'","2017","ravenous-2017"
"tt0142240","25358","2019-11-11T14:16:30.000Z","b""Dragon Ball Z: The World's Strongest""","1990","dragon-ball-z-the-world-s-strongest-1990"
"tt0142236","25365","2019-11-11T14:16:30.000Z","b'Dragon Ball Z: Fusion Reborn'","1995","dragon-ball-z-fusion-reborn-1995"
"tt2263944","87037","2019-11-11T14:16:30.000Z","b'Dragon Ball Z: Battle of Gods'","2013","dragon-ball-z-battle-of-gods-2013"
"","425942","2019-11-11T14:16:29.000Z","b'Dragon Ball Z: The Real 4-D at Super Tenkaichi Budokai'","2017","dragon-ball-z-the-real-4-d-at-super-tenkaichi-budokai-2017"
"tt1517470","193554","2019-11-11T14:16:29.000Z","b""Dragon Ball Z: Atsumare! Goku's World""","1992","dragon-ball-z-atsumare-goku-s-world-1992"
"tt1125254","14926","2019-11-11T14:16:29.000Z","b""Dragon Ball Z: Cooler's Revenge""","1991","dragon-ball-z-cooler-s-revenge-1991"
"tt0142242","21993","2019-11-11T14:16:29.000Z","b'Dragon Ball Z: Broly \xe2\x80\x93 The Legendary Super Saiyan'","1993","dragon-ball-z-broly-the-legendary-super-saiyan-1993"
"","410465","2019-11-11T14:16:29.000Z","b'Dragon Ball Z: The Real 4-D'","2016","dragon-ball-z-the-real-4-d-2016"
"tt3819668","194758","2019-11-11T14:16:29.000Z","b""Dragon Ball Z: Resurrection 'F'""","2015","dragon-ball-z-resurrection-f-2015"
"tt0142239","29969","2019-11-11T14:16:29.000Z","b'Dragon Ball Z: Broly \xe2\x80\x93 Second Coming'","1994","dragon-ball-z-broly-second-coming-1994"
"tt1317478","24950","2019-11-11T14:16:29.000Z","b'Dragon Ball: Yo! Son Goku and His Friends Return!!'","2008","dragon-ball-yo-son-goku-and-his-friends-return-2008"
"tt0142237","25361","2019-11-11T14:16:29.000Z","b'Dragon Ball Z: The Return of Cooler'","1992","dragon-ball-z-the-return-of-cooler-1992"
"tt0142249","25396","2019-11-11T14:16:29.000Z","b""Dragon Ball: Sleeping Princess in Devil's Castle""","1987","dragon-ball-sleeping-princess-in-devil-s-castle-1987"
"tt0142241","25362","2019-11-11T14:16:29.000Z","b'Dragon Ball Z: Super Android 13!'","1992","dragon-ball-z-super-android-13-1992"
"tt0142238","25363","2019-11-11T14:16:29.000Z","b'Dragon Ball Z: Bojack Unbound'","1993","dragon-ball-z-bojack-unbound-1993"
"tt0142233","25359","2019-11-11T14:16:29.000Z","b'Dragon Ball Z: The Tree of Might'","1990","dragon-ball-z-the-tree-of-might-1990"
"tt0142234","25364","2019-11-11T14:16:29.000Z","b'Dragon Ball Z: Bio-Broly'","1994","dragon-ball-z-bio-broly-1994"
"tt0142244","25360","2019-11-11T14:16:29.000Z","b'Dragon Ball Z: Lord Slug'","1991","dragon-ball-z-lord-slug-1991"
"tt0142250","25397","2019-11-11T14:16:29.000Z","b'Dragon Ball: The Path to Power'","1996","dragon-ball-the-path-to-power-1996"
"tt0142235","17877","2019-11-11T14:16:29.000Z","b'Dragon Ball Z: Dead Zone'","1989","dragon-ball-z-dead-zone-1989"
"tt0142243","25366","2019-11-11T14:16:29.000Z","b'Dragon Ball Z: Wrath of the Dragon'","1995","dragon-ball-z-wrath-of-the-dragon-1995"
"tt0142251","25395","2019-11-11T14:16:29.000Z","b'Dragon Ball: Curse of the Blood Rubies'","1986","dragon-ball-curse-of-the-blood-rubies-1986"
"tt4008518","66842","2019-11-11T14:16:29.000Z","b'Dragon Ball: Plan to Eradicate the Super Saiyans'","2010","dragon-ball-plan-to-eradicate-the-super-saiyans-2010"
"tt0142247","25540","2019-11-11T14:15:51.000Z","b'Dragon Ball Z: The History of Trunks'","1993","dragon-ball-z-the-history-of-trunks-1993"
"tt9495224","421031","2019-11-11T14:13:47.000Z","b'Black Mirror: Bandersnatch'","2018","black-mirror-bandersnatch-2018"
"tt0142245","25539","2019-11-11T14:13:24.000Z","b'Dragon Ball Z: Bardock - The Father of Goku'","1990","dragon-ball-z-bardock-the-father-of-goku-1990"
"tt0448011","8207","2019-11-11T14:13:16.000Z","b'Knowing'","2009","knowing-2009"
"tt2649554","149556","2019-11-11T14:13:16.000Z","b'Midnight Special'","2016","midnight-special-2016"
"tt1389072","214603","2019-11-11T14:13:05.000Z","b'Downsizing'","2017","downsizing-2017"
"tt7605074","386938","2019-11-11T14:12:29.000Z","b'The Wandering Earth'","2019","the-wandering-earth-2019"
"tt1549572","39404","2019-11-11T12:31:08.000Z","b'Another Earth'","2011","another-earth-2011"
"tt2884206","148745","2019-11-10T20:13:07.000Z","b'I Origins'","2014","i-origins-2014"
"tt2058673","156888","2019-11-10T09:35:36.000Z","b'Point Break'","2015","point-break-2015"
"tt1291570","219987","2019-11-10T09:35:08.000Z","b'Solace'","2015","solace-2015"
"tt2820852","107556","2019-11-10T09:33:28.000Z","b'Furious 7'","2015","furious-7-2015"
"tt0386588","4225","2019-11-10T09:31:20.000Z","b'Hitch'","2005","hitch-2005"
"tt0172156","4429","2019-11-10T09:31:07.000Z","b'Bad Boys II'","2003","bad-boys-ii-2003"
"tt0112442","5003","2019-11-10T09:31:07.000Z","b'Bad Boys'","1995","bad-boys-1995"
"tt0944835","16981","2019-11-10T09:28:35.000Z","b'Salt'","2010","salt-2010"
"tt0493464","4392","2019-11-10T09:28:35.000Z","b'Wanted'","2008","wanted-2008"
"tt0187078","4951","2019-11-10T09:28:12.000Z","b'Gone in Sixty Seconds'","2000","gone-in-sixty-seconds-2000"
"tt0146316","1356","2019-11-10T09:28:08.000Z","b'Lara Croft: Tomb Raider'","2001","lara-croft-tomb-raider-2001"
"tt4334266","197051","2019-11-09T16:01:22.000Z","b'The Bad Batch'","2017","the-bad-batch-2017"
"tt0433035","25482","2019-11-09T14:07:01.000Z","b'Real Steel'","2011","real-steel-2011"
"tt0386140","1101","2019-11-09T14:06:25.000Z","b'The Legend of Zorro'","2005","the-legend-of-zorro-2005"
"tt0120647","4258","2019-11-09T14:04:51.000Z","b'Deep Impact'","1998","deep-impact-1998"
"tt0112642","4330","2019-11-09T14:04:35.000Z","b'Casper'","1995","casper-1995"
"tt0099088","159","2019-11-09T14:03:57.000Z","b'Back to the Future Part III'","1990","back-to-the-future-part-iii-1990"
"tt0096874","130","2019-11-09T14:03:57.000Z","b'Back to the Future Part II'","1989","back-to-the-future-part-ii-1989"
"tt0086491","9288","2019-11-09T14:03:33.000Z","b'Twilight Zone: The Movie'","1983","twilight-zone-the-movie-1983"
"tt0084516","487","2019-11-09T14:03:33.000Z","b'Poltergeist'","1982","poltergeist-1982"
"tt1464540","31930","2019-11-09T13:58:55.000Z","b'I Am Number Four'","2011","i-am-number-four-2011"
"tt1179056","14148","2019-11-09T13:58:55.000Z","b'A Nightmare on Elm Street'","2010","a-nightmare-on-elm-street-2010"
"tt0420294","5942","2019-11-09T13:58:17.000Z","b'The Texas Chainsaw Massacre: The Beginning'","2006","the-texas-chainsaw-massacre-the-beginning-2006"
"tt0384806","5286","2019-11-09T13:57:46.000Z","b'The Amityville Horror'","2005","the-amityville-horror-2005"
"tt0324216","4664","2019-11-09T13:57:46.000Z","b'The Texas Chainsaw Massacre'","2003","the-texas-chainsaw-massacre-2003"
"tt0395756","293657","2019-11-09T13:55:16.000Z","b'The Secret Origin of X-Men'","2003","the-secret-origin-of-x-men-2003"
"tt0285761","293982","2019-11-09T13:54:35.000Z","b'X-Men: The Mutant Watch'","2000","x-men-the-mutant-watch-2000"
"tt0435705","1166","2019-11-09T13:54:02.000Z","b'Next'","2007","next-2007"
"tt3774114","195472","2019-11-09T13:47:19.000Z","b'Snowden'","2016","snowden-2016"
"tt1649443","116231","2019-11-03T10:23:39.000Z","b'[REC]\xe2\x81\xb4 Apocalypse'","2014","rec-apocalypse-2014"
"tt0113492","4768","2019-11-03T10:19:21.000Z","b'Judge Dredd'","1995","judge-dredd-1995"
"tt1231583","27656","2019-11-03T10:16:53.000Z","b'Due Date'","2010","due-date-2010"
"tt0480687","34041","2019-11-03T10:15:34.000Z","b'Hall Pass'","2011","hall-pass-2011"
"tt1078912","11228","2019-11-03T10:15:30.000Z","b'Night at the Museum: Battle of the Smithsonian'","2009","night-at-the-museum-battle-of-the-smithsonian-2009"
"tt0477347","1048","2019-11-03T10:15:29.000Z","b'Night at the Museum'","2006","night-at-the-museum-2006"
"tt0335438","4673","2019-11-03T10:15:14.000Z","b'Starsky & Hutch'","2004","starsky-hutch-2004"
"tt0108485","86960","2019-11-02T23:23:36.000Z","b'Vibroboy'","1994","vibroboy-1994"
"tt5913798","352645","2019-11-02T13:31:13.000Z","b'Wounds'","2019","wounds-2019"
"tt2005151","217987","2019-11-01T17:16:07.000Z","b'War Dogs'","2016","war-dogs-2016"
"tt0918940","158008","2019-10-28T20:27:09.000Z","b'The Legend of Tarzan'","2016","the-legend-of-tarzan-2016"
"tt0119116","14","2019-10-15T05:19:06.000Z","b'The Fifth Element'","1997","the-fifth-element-1997"
"tt0159097","969","2019-10-04T19:12:47.000Z","b'The Virgin Suicides'","1999","the-virgin-suicides-1999"
"tt6320628","273537","2019-10-01T17:46:47.000Z","b'Spider-Man: Far from Home'","2019","spider-man-far-from-home-2019"
"tt0257076","4557","2019-08-27T19:25:29.000Z","b'S.W.A.T.'","2003","s-w-a-t-2003"
"tt0489099","4088","2019-08-27T19:25:19.000Z","b'Jumper'","2008","jumper-2008"
"tt0295701","3912","2019-08-27T19:24:58.000Z","b'xXx'","2002","xxx-2002"
"tt1293847","33214","2019-08-27T19:24:54.000Z","b'xXx: Return of Xander Cage'","2017","xxx-return-of-xander-cage-2017"
"tt1314655","29781","2019-08-27T19:21:49.000Z","b'Devil'","2010","devil-2010"
"tt5464234","299055","2019-08-27T19:21:21.000Z","b'Kill Switch'","2017","kill-switch-2017"
"tt0097428","1967","2019-08-27T19:21:01.000Z","b'Ghostbusters II'","1989","ghostbusters-ii-1989"
"tt1289401","28880","2019-08-27T19:21:00.000Z","b'Ghostbusters'","2016","ghostbusters-2016"
"tt4995776","312184","2019-08-27T19:20:39.000Z","b'The Red Sea Diving Resort'","2019","the-red-sea-diving-resort-2019"
"tt0454921","933","2019-08-27T19:20:20.000Z","b'The Pursuit of Happyness'","2006","the-pursuit-of-happyness-2006"
"tt2106651","205221","2019-08-27T19:18:59.000Z","b'Spectral'","2016","spectral-2016"
"tt1706620","77887","2019-08-27T19:18:44.000Z","b'Snowpiercer'","2013","snowpiercer-2013"
"tt0134847","1863","2019-08-27T19:18:16.000Z","b'Pitch Black'","2000","pitch-black-2000"
"tt0134847","1863","2019-08-27T19:18:16.000Z","b'Pitch Black'","2000","pitch-black-2000"
"tt1411250","65712","2019-08-27T19:18:06.000Z","b'Riddick'","2013","riddick-2013"
"tt0296572","1865","2019-08-27T19:17:57.000Z","b'The Chronicles of Riddick'","2004","the-chronicles-of-riddick-2004"
"tt1735898","41918","2019-08-27T19:17:50.000Z","b'Snow White and the Huntsman'","2012","snow-white-and-the-huntsman-2012"
"tt7315484","375504","2019-08-27T19:17:21.000Z","b'The Silence'","2019","the-silence-2019"
"tt1815862","61872","2019-08-27T19:16:19.000Z","b'After Earth'","2013","after-earth-2013"
"tt1809398","139000","2019-08-27T19:15:59.000Z","b'Unbroken'","2014","unbroken-2014"
"tt0864761","7505","2019-08-27T19:14:54.000Z","b'The Duchess'","2008","the-duchess-2008"
"tt3387542","210361","2019-08-27T19:14:37.000Z","b'The Forest'","2016","the-forest-2016"
"tt2625810","219453","2019-08-27T19:14:27.000Z","b'Into the Forest'","2016","into-the-forest-2016"
"tt4576612","223686","2019-08-27T19:13:48.000Z","b""Comment c'est Loin""","2015","comment-c-est-loin-2015"
"tt3552892","166564","2019-08-27T19:13:19.000Z","b'Hungerford'","2014","hungerford-2014"
"tt4357394","326323","2019-08-27T19:12:56.000Z","b'Tau'","2018","tau-2018"
"tt1564585","28549","2019-08-27T19:11:17.000Z","b'Skyline'","2010","skyline-2010"
"tt7280898","322004","2019-08-27T19:10:30.000Z","b'22 July'","2018","22-july-2018"
"tt1757912","44244","2019-08-27T19:08:24.000Z","b'Titeuf'","2011","titeuf-2011"
"tt0406375","3749","2019-08-27T19:08:11.000Z","b'Zathura: A Space Adventure'","2005","zathura-a-space-adventure-2005"
"tt5638642","280968","2019-08-27T19:07:39.000Z","b'The Ritual'","2017","the-ritual-2017"
"tt0387808","3936","2019-08-27T19:07:11.000Z","b'Idiocracy'","2006","idiocracy-2006"
"tt5929776","256341","2019-08-27T19:07:00.000Z","b'Before the Flood'","2016","before-the-flood-2016"
"tt8126390","367926","2019-08-27T19:06:50.000Z","b'The Most Unknown'","2018","the-most-unknown-2018"
"tt5702566","307104","2019-08-27T19:06:15.000Z","b'Stasis'","2017","stasis-2017"
"tt0430105","4115","2019-08-27T19:05:59.000Z","b'Four Brothers'","2005","four-brothers-2005"
"tt0808146","4099","2019-08-27T19:05:37.000Z","b'American Pie Presents: The Naked Mile'","2006","american-pie-presents-the-naked-mile-2006"
"tt0476680","10347","2019-08-27T19:04:53.000Z","b'Naruto the Movie: Ninja Clash in the Land of Snow'","2004","naruto-the-movie-ninja-clash-in-the-land-of-snow-2004"
"tt1703048","35500","2019-08-27T19:04:29.000Z","b'Naruto Shippuden the Movie: The Lost Tower'","2010","naruto-shippuden-the-movie-the-lost-tower-2010"
"tt4618398","221717","2019-08-27T19:04:10.000Z","b'Boruto: Naruto the Movie'","2015","boruto-naruto-the-movie-2015"
"tt3717532","198234","2019-08-27T19:04:07.000Z","b'The Last: Naruto the Movie'","2014","the-last-naruto-the-movie-2014"
"tt0106677","4849","2019-08-27T19:03:06.000Z","b'Dazed and Confused'","1993","dazed-and-confused-1993"
"tt2654572","223959","2019-08-27T19:02:50.000Z","b'The Preppie Connection'","2016","the-preppie-connection-2016"
"tt0119528","1071","2019-08-27T19:02:11.000Z","b'Liar Liar'","1997","liar-liar-1997"
"tt5596398","248835","2019-08-27T19:01:41.000Z","b'Down the Deep, Dark Web'","2016","down-the-deep-dark-web-2016"
"tt2923316","151731","2019-08-27T19:01:00.000Z","b'American Heist'","2014","american-heist-2014"
"tt0317740","4929","2019-08-27T19:00:49.000Z","b'The Italian Job'","2003","the-italian-job-2003"
"tt0200465","4339","2019-08-27T19:00:49.000Z","b'The Bank Job'","2008","the-bank-job-2008"
"tt2568862","225931","2019-08-27T19:00:47.000Z","b'Going in Style'","2017","going-in-style-2017"
"tt1464763","244321","2019-08-27T18:59:22.000Z","b'Mute'","2018","mute-2018"
"tt0471042","42338","2019-08-27T18:58:18.000Z","b'Tower Heist'","2011","tower-heist-2011"
"tt1045658","61867","2019-08-27T18:57:48.000Z","b'Silver Linings Playbook'","2012","silver-linings-playbook-2012"
"tt6700846","301356","2019-08-27T18:57:19.000Z","b'AlphaGo'","2017","alphago-2017"
"tt1622547","44675","2019-08-27T18:57:02.000Z","b'30 Minutes or Less'","2011","30-minutes-or-less-2011"
"tt0486822","4095","2019-08-27T18:56:42.000Z","b'Disturbia'","2007","disturbia-2007"
"tt1663662","50139","2019-08-27T18:56:17.000Z","b'Pacific Rim'","2013","pacific-rim-2013"
"tt2011311","124784","2019-08-27T18:56:02.000Z","b'The Outsider'","2018","the-outsider-2018"
"tt0109040","2026","2019-08-27T18:55:40.000Z","b'Ace Ventura: Pet Detective'","1994","ace-ventura-pet-detective-1994"
"tt7110510","370694","2019-08-27T18:55:12.000Z","b'Les Affam\xc3\xa9s'","2018","les-affames-2018"
"tt0267804","5956","2019-08-27T18:54:58.000Z","b'The One'","2001","the-one-2001"
"tt1905041","62123","2019-08-27T18:54:41.000Z","b'Fast & Furious 6'","2013","fast-furious-6-2013"
"tt7130832","345963","2019-08-27T18:54:21.000Z","b'Alien Contact: Outer Space'","2017","alien-contact-outer-space-2017"
"tt0095444","10022","2019-08-27T18:53:50.000Z","b'Killer Klowns from Outer Space'","1988","killer-klowns-from-outer-space-1988"
"tt3655682","253634","2019-08-27T18:53:18.000Z","b""Let's Be Evil""","2016","let-s-be-evil-2016"
"tt2238032","168784","2019-08-27T18:52:28.000Z","b'Skiptrace'","2016","skiptrace-2016"
"tt1099212","4433","2019-08-27T18:52:11.000Z","b'Twilight'","2008","twilight-2008"
"tt5607028","270505","2019-08-27T18:52:11.000Z","b'Fullmetal Alchemist'","2017","fullmetal-alchemist-2017"
"tt5340856","224944","2019-08-27T18:51:29.000Z","b'Derren Brown: Pushed to the Edge'","2016","derren-brown-pushed-to-the-edge-2016"
"tt5033790","280637","2019-08-27T18:50:41.000Z","b'Banking on Bitcoin'","2016","banking-on-bitcoin-2016"
"tt0875113","4321","2019-08-27T18:50:04.000Z","b'99 francs'","2007","99-francs-2007"
"tt1473357","31090","2019-08-27T18:49:51.000Z","b'Fatal'","2010","fatal-2010"
"tt0389860","4632","2019-08-27T18:49:18.000Z","b'Click'","2006","click-2006"
"tt1060277","3832","2019-08-27T18:47:51.000Z","b'Cloverfield'","2008","cloverfield-2008"
"tt1850457","164865","2019-08-27T18:47:32.000Z","b'Sisters'","2015","sisters-2015"
"tt1718801","38108","2019-08-27T18:46:47.000Z","b'Bacon on the Side'","2010","bacon-on-the-side-2010"
"tt5979872","280915","2019-08-27T18:45:50.000Z","b'Bleach'","2018","bleach-2018"
"tt5084170","270583","2019-08-27T18:45:48.000Z","b'Blade of the Immortal'","2017","blade-of-the-immortal-2017"
"tt1780798","79047","2019-08-27T18:45:00.000Z","b'Clown'","2014","clown-2014"
"tt0329098","16512","2019-08-27T18:44:46.000Z","b""Franklin's Magic Christmas""","2001","franklin-s-magic-christmas-2001"
"tt0116126","5782","2019-08-27T18:44:28.000Z","b""Don't Be a Menace to South Central While Drinking Your Juice in the Hood""","1996","don-t-be-a-menace-to-south-central-while-drinking-your-juice-in-the-hood-1996"
"tt7150410","337284","2019-08-27T18:44:01.000Z","b'Motivation 3: The Next Generation'","2017","motivation-3-the-next-generation-2017"
"tt2357129","80843","2019-08-27T18:43:35.000Z","b'Jobs'","2013","jobs-2013"
"tt1166827","7586","2019-08-27T18:43:12.000Z","b'Zeitgeist'","2007","zeitgeist-2007"
"tt5723286","318342","2019-08-27T18:42:52.000Z","b'Wheelman'","2017","wheelman-2017"
"tt5792472","280476","2019-08-27T18:42:27.000Z","b'Take the 10'","2017","take-the-10-2017"
"tt1666185","247047","2019-08-27T18:41:38.000Z","b'All Eyez on Me'","2017","all-eyez-on-me-2017"
"tt3810760","234946","2019-08-27T18:41:16.000Z","b'Minimalism: A Documentary About the Important Things'","2015","minimalism-a-documentary-about-the-important-things-2015"
"tt4225622","276945","2019-08-27T18:41:00.000Z","b'The Babysitter'","2017","the-babysitter-2017"
"tt0134067","8688","2019-08-27T18:40:47.000Z","b'The Rugrats Movie'","1998","the-rugrats-movie-1998"
"tt0213203","10055","2019-08-27T18:40:47.000Z","b'Rugrats in Paris: The Movie'","2000","rugrats-in-paris-the-movie-2000"
"tt5541848","260063","2019-08-27T18:40:32.000Z","b'What the Health'","2017","what-the-health-2017"
"tt1528854","172017","2019-08-27T18:40:17.000Z","b""Daddy's Home""","2015","daddy-s-home-2015"
"tt0430304","4521","2019-08-27T18:39:45.000Z","b'Little Man'","2006","little-man-2006"
"tt2937366","261098","2019-08-27T18:39:45.000Z","b'Little Evil'","2017","little-evil-2017"
"tt7291268","319883","2019-08-27T18:39:11.000Z","b'Gaga: Five Foot Two'","2017","gaga-five-foot-two-2017"
"tt2937254","162704","2019-08-27T18:38:48.000Z","b'Balls Out'","2014","balls-out-2014"
"tt1870425","74711","2019-08-27T18:38:29.000Z","b'Mac & Devin Go to High School'","2012","mac-devin-go-to-high-school-2012"
"tt0365686","6008","2019-08-27T18:37:52.000Z","b'Revolver'","2005","revolver-2005"
"tt2177843","70924","2019-08-27T18:37:14.000Z","b'We Are Legion: The Story of the Hacktivists'","2012","we-are-legion-the-story-of-the-hacktivists-2012"
"tt3312868","202707","2019-08-27T18:36:58.000Z","b'Deep Web'","2015","deep-web-2015"
"tt0846789","16198","2019-08-27T18:36:40.000Z","b'The Secret'","2006","the-secret-2006"
"tt6963560","394186","2019-08-27T18:36:11.000Z","b'Inside: Medical Marijuana'","","inside-medical-marijuana"
"tt0278488","4164","2019-08-27T18:35:45.000Z","b'How High'","2001","how-high-2001"
"tt6550440","283411","2019-08-27T18:35:23.000Z","b'Gad Gone Wild'","2017","gad-gone-wild-2017"
"tt0910936","5403","2019-08-27T18:35:05.000Z","b'Pineapple Express'","2008","pineapple-express-2008"
"tt2724064","127682","2019-08-27T18:33:29.000Z","b'Sharknado'","2013","sharknado-2013"
"tt4176826","199632","2019-08-27T18:33:17.000Z","b""Look Who's Back""","2015","look-who-s-back-2015"
"tt1111833","8536","2019-08-27T18:32:56.000Z","b'Super High Me'","2007","super-high-me-2007"
"tt3797808","189793","2019-08-27T18:28:56.000Z","b'Aliens on the Moon: The Truth Exposed'","2014","aliens-on-the-moon-the-truth-exposed-2014"
"tt1599348","42891","2019-08-27T18:25:44.000Z","b'Safe House'","2012","safe-house-2012"
"tt1327773","89895","2019-08-27T18:23:03.000Z","b'The Butler'","2013","the-butler-2013"
"tt0133152","712","2019-08-27T18:22:32.000Z","b'Planet of the Apes'","2001","planet-of-the-apes-2001"
"tt0238380","3879","2019-08-27T18:20:05.000Z","b'Equilibrium'","2002","equilibrium-2002"
"tt3503460","225241","2019-08-27T18:18:55.000Z","b'Embers'","2015","embers-2015"
"tt1674784","51688","2019-08-27T18:18:40.000Z","b'Trespass'","2011","trespass-2011"
"tt2381941","156518","2019-08-27T18:18:16.000Z","b'Focus'","2015","focus-2015"
"tt4073790","292416","2019-08-27T16:24:24.000Z","b'The Darkest Minds'","2018","the-darkest-minds-2018"
"tt2737304","250049","2019-08-27T16:23:17.000Z","b'Bird Box'","2018","bird-box-2018"
"tt2080374","202637","2019-08-27T16:20:53.000Z","b'Steve Jobs'","2015","steve-jobs-2015"
"tt3819668","194758","2019-08-27T16:20:28.000Z","b""Dragon Ball Z: Resurrection 'F'""","2015","dragon-ball-z-resurrection-f-2015"
"tt3616916","217503","2019-08-27T16:20:16.000Z","b'The Wave'","2015","the-wave-2015"
"tt3321300","188854","2019-08-27T16:20:08.000Z","b'Spooks: The Greater Good'","2015","spooks-the-greater-good-2015"
"tt3480796","193633","2019-08-27T16:19:19.000Z","b'Vice'","2015","vice-2015"
"tt2888046","223804","2019-08-27T16:19:09.000Z","b'Ip Man 3'","2015","ip-man-3-2015"
"tt2510894","103449","2019-08-27T16:18:48.000Z","b'Hotel Transylvania 2'","2015","hotel-transylvania-2-2015"
"tt1823672","123707","2019-08-27T16:18:19.000Z","b'Chappie'","2015","chappie-2015"
"tt2802144","128888","2019-08-27T16:18:17.000Z","b'Kingsman: The Secret Service'","2014","kingsman-the-secret-service-2014"
"tt2004420","122104","2019-08-27T16:17:04.000Z","b'Neighbors'","2014","neighbors-2014"
"tt2562232","121489","2019-08-27T16:16:18.000Z","b'Birdman or (The Unexpected Virtue of Ignorance)'","2014","birdman-or-the-unexpected-virtue-of-ignorance-2014"
"tt0936501","4267","2019-08-27T16:15:55.000Z","b'Taken'","2008","taken-2008"
"tt1397280","61849","2019-08-27T16:15:47.000Z","b'Taken 2'","2012","taken-2-2012"
"tt2446042","159491","2019-08-27T16:15:44.000Z","b'Taken 3'","2014","taken-3-2014"
"tt1790864","124008","2019-08-27T16:15:31.000Z","b'The Maze Runner'","2014","the-maze-runner-2014"
"tt0758774","7031","2019-08-27T04:03:21.000Z","b'Body of Lies'","2008","body-of-lies-2008"
"tt4123430","219417","2019-08-27T02:54:16.000Z","b'Fantastic Beasts: The Crimes of Grindelwald'","2018","fantastic-beasts-the-crimes-of-grindelwald-2018"
"tt0438488","417","2019-08-27T02:35:28.000Z","b'Terminator Salvation'","2009","terminator-salvation-2009"
"tt6292852","353379","2019-08-27T02:35:04.000Z","b'I Am Mother'","2019","i-am-mother-2019"
"tt0181852","249","2019-08-27T02:34:14.000Z","b'Terminator 3: Rise of the Machines'","2003","terminator-3-rise-of-the-machines-2003"
"tt1617661","56709","2019-08-27T02:31:03.000Z","b'Jupiter Ascending'","2015","jupiter-ascending-2015"
"tt0063350","5531","2019-08-27T02:29:53.000Z","b'Night of the Living Dead'","1968","night-of-the-living-dead-1968"
"tt4972582","254263","2019-08-27T02:29:52.000Z","b'Split'","2017","split-2017"
"tt0077402","765","2019-08-27T02:29:45.000Z","b'Dawn of the Dead'","1978","dawn-of-the-dead-1978"
"tt0088993","4174","2019-08-27T02:29:18.000Z","b'Day of the Dead'","1985","day-of-the-dead-1985"
"tt3053228","332358","2019-08-27T02:28:58.000Z","b'Day of the Dead: Bloodline'","2017","day-of-the-dead-bloodline-2017"
"tt1856101","216716","2019-08-27T02:24:59.000Z","b'Blade Runner 2049'","2017","blade-runner-2049-2017"
"tt6890582","298672","2019-08-27T02:23:52.000Z","b'Psychokinesis'","2018","psychokinesis-2018"
"tt0338013","29","2019-08-27T02:21:34.000Z","b'Eternal Sunshine of the Spotless Mind'","2004","eternal-sunshine-of-the-spotless-mind-2004"
"tt0101917","6387","2019-08-27T02:21:20.000Z","b""Freddy's Dead: The Final Nightmare""","1991","freddy-s-dead-the-final-nightmare-1991"
"tt5710514","272673","2019-08-27T02:21:10.000Z","b""I Don't Feel at Home in This World Anymore""","2017","i-don-t-feel-at-home-in-this-world-anymore-2017"
"tt2660888","118174","2019-08-27T02:19:42.000Z","b'Star Trek Beyond'","2016","star-trek-beyond-2016"
"tt0073195","457","2019-08-27T02:18:53.000Z","b'Jaws'","1975","jaws-1975"
"tt0485947","19769","2019-08-27T02:18:23.000Z","b'Mr. Nobody'","2009","mr-nobody-2009"
"tt1974419","195866","2019-08-27T02:17:41.000Z","b'The Neon Demon'","2016","the-neon-demon-2016"
"tt4425200","205127","2019-08-27T02:16:52.000Z","b'John Wick: Chapter 2'","2017","john-wick-chapter-2-2017"
"tt4633694","205404","2019-08-27T02:16:32.000Z","b'Spider-Man: Into the Spider-Verse'","2018","spider-man-into-the-spider-verse-2018"
"tt6823368","298686","2019-08-27T02:16:29.000Z","b'Glass'","2019","glass-2019"
"tt4154664","193963","2019-08-27T02:15:53.000Z","b'Captain Marvel'","2019","captain-marvel-2019"
"tt4154796","191798","2019-08-27T02:15:38.000Z","b'Avengers: Endgame'","2019","avengers-endgame-2019"
"tt2911666","149640","2019-04-24T17:24:26.000Z","b'John Wick'","2014","john-wick-2014"
"tt1488606","242616","2019-04-13T05:17:42.000Z","b'Triple Frontier'","2019","triple-frontier-2019"
"tt2177771","99984","2019-01-20T20:07:13.000Z","b'The Monuments Men'","2014","the-monuments-men-2014"
"tt2241351","209935","2019-01-20T20:06:36.000Z","b'Money Monster'","2016","money-monster-2016"
"tt4034354","223914","2019-01-19T20:49:14.000Z","b'Swiss Army Man'","2016","swiss-army-man-2016"
"tt3256226","280489","2019-01-19T18:11:01.000Z","b'IO'","2019","io-2019"
"tt1535108","50137","2019-01-19T18:10:42.000Z","b'Elysium'","2013","elysium-2013"
"tt0364970","4670","2019-01-19T18:09:41.000Z","b'Babylon A.D.'","2008","babylon-a-d-2008"
"tt5723416","296182","2019-01-13T22:17:10.000Z","b'The Beyond'","2018","the-beyond-2018"
"tt0167404","590","2019-01-12T11:47:25.000Z","b'The Sixth Sense'","1999","the-sixth-sense-1999"
"tt0120737","88","2019-01-12T11:45:00.000Z","b'The Lord of the Rings: The Fellowship of the Ring'","2001","the-lord-of-the-rings-the-fellowship-of-the-ring-2001"
"tt0167260","90","2019-01-12T11:44:57.000Z","b'The Lord of the Rings: The Return of the King'","2003","the-lord-of-the-rings-the-return-of-the-king-2003"
"tt0111257","1083","2019-01-08T20:33:44.000Z","b'Speed'","1994","speed-1994"
"tt4255110","221591","2019-01-05T17:06:15.000Z","b'Contracted: Phase II'","2015","contracted-phase-ii-2015"
"tt2281159","127180","2019-01-05T17:06:13.000Z","b'Contracted'","2013","contracted-2013"
"tt2669336","171172","2018-12-30T21:11:53.000Z","b'Time Lapse'","2014","time-lapse-2014"
"tt1068680","5414","2018-12-16T19:43:15.000Z","b'Yes Man'","2008","yes-man-2008"
"tt1428538","43151","2018-12-06T20:44:22.000Z","b'Hansel & Gretel: Witch Hunters'","2013","hansel-gretel-witch-hunters-2013"
"tt3201640","284678","2018-12-06T20:43:59.000Z","b'Extinction'","2018","extinction-2018"
"tt3467412","219182","2018-12-05T21:10:11.000Z","b'Extinction'","2015","extinction-2015"
"tt1800241","107776","2018-11-30T20:11:34.000Z","b'American Hustle'","2013","american-hustle-2013"
"tt0276751","203","2018-11-28T22:57:07.000Z","b'About a Boy'","2002","about-a-boy-2002"
"tt0449010","1732","2018-11-28T22:56:19.000Z","b'Eragon'","2006","eragon-2006"
"tt3464902","154718","2018-11-24T16:55:28.000Z","b'The Lobster'","2015","the-lobster-2015"
"tt0097576","58","2018-11-19T23:59:13.000Z","b'Indiana Jones and the Last Crusade'","1989","indiana-jones-and-the-last-crusade-1989"
"tt0062622","33","2018-11-19T23:58:55.000Z","b'2001: A Space Odyssey'","1968","2001-a-space-odyssey-1968"
"tt0407887","952","2018-11-19T23:57:52.000Z","b'The Departed'","2006","the-departed-2006"
"tt0167261","89","2018-11-19T23:56:59.000Z","b'The Lord of the Rings: The Two Towers'","2002","the-lord-of-the-rings-the-two-towers-2002"
"tt3606756","159626","2018-11-19T23:55:55.000Z","b'Incredibles 2'","2018","incredibles-2-2018"
"tt1220888","37532","2018-11-19T10:17:22.000Z","b""Henry's Crime""","2010","henry-s-crime-2010"
"tt0102685","841","2018-11-19T10:16:07.000Z","b'Point Break'","1991","point-break-1991"
"tt2016940","56535","2018-11-19T10:15:26.000Z","b'Man of Tai Chi'","2013","man-of-tai-chi-2013"
"tt0970416","5413","2018-11-19T10:14:44.000Z","b'The Day the Earth Stood Still'","2008","the-day-the-earth-stood-still-2008"
"tt1628841","33179","2018-11-19T10:14:26.000Z","b'Independence Day: Resurgence'","2016","independence-day-resurgence-2016"
"tt2304933","195238","2018-11-16T20:25:04.000Z","b'The 5th Wave'","2016","the-5th-wave-2016"
"tt1241317","222668","2018-11-16T20:13:35.000Z","b'Death Note'","2017","death-note-2017"
"tt6010628","331956","2018-11-16T20:13:20.000Z","b'Zoe'","2018","zoe-2018"
"tt0429493","22059","2018-11-16T20:13:03.000Z","b'The A-Team'","2010","the-a-team-2010"
"tt0208092","76","2018-11-16T20:12:53.000Z","b'Snatch'","2000","snatch-2000"
"tt2436386","139232","2018-11-16T20:12:18.000Z","b'Project Almanac'","2015","project-almanac-2015"
"tt4693358","257504","2018-11-16T20:11:26.000Z","b'OtherLife'","2017","otherlife-2017"
"tt1666186","26388","2018-11-16T20:08:52.000Z","b'Vampires Suck'","2010","vampires-suck-2010"
"tt2053463","77331","2018-11-16T20:08:11.000Z","b'Side Effects'","2013","side-effects-2013"
"tt0266308","2134","2018-11-16T20:07:47.000Z","b'Battle Royale'","2000","battle-royale-2000"
"tt3748440","185206","2018-11-16T20:07:14.000Z","b'Blue Mountain State: The Rise of Thadland'","2016","blue-mountain-state-the-rise-of-thadland-2016"
"tt5246700","322525","2018-11-16T20:07:02.000Z","b'How It Ends'","2018","how-it-ends-2018"
"tt1727776","171365","2018-11-16T20:05:18.000Z","b'Scouts Guide to the Zombie Apocalypse'","2015","scouts-guide-to-the-zombie-apocalypse-2015"
"tt1278340","8695","2018-11-16T20:04:39.000Z","b'Dead Snow'","2009","dead-snow-2009"
"tt2832470","147365","2018-11-16T20:04:38.000Z","b'Dead Snow 2: Red vs. Dead'","2014","dead-snow-2-red-vs-dead-2014"
"tt7983844","349128","2018-11-16T20:04:18.000Z","b'Take Your Pills'","2018","take-your-pills-2018"
"tt2713180","139432","2018-11-16T20:04:12.000Z","b'Fury'","2014","fury-2014"
"tt0465580","7921","2018-11-16T20:02:23.000Z","b'Push'","2009","push-2009"
"tt1324999","35414","2018-11-16T20:02:01.000Z","b'The Twilight Saga: Breaking Dawn - Part 1'","2011","the-twilight-saga-breaking-dawn-part-1-2011"
"tt1673434","35415","2018-11-16T20:01:51.000Z","b'The Twilight Saga: Breaking Dawn - Part 2'","2012","the-twilight-saga-breaking-dawn-part-2-2012"
"tt0407304","44","2018-11-16T20:01:33.000Z","b'War of the Worlds'","2005","war-of-the-worlds-2005"
"tt1213663","76524","2018-11-16T20:01:11.000Z","b""The World's End""","2013","the-world-s-end-2013"
"tt4552524","220013","2018-11-16T20:00:43.000Z","b'Jeruzalem'","2016","jeruzalem-2016"
"tt4102722","258433","2018-11-13T17:19:01.000Z","b'The Night Watchmen'","2017","the-night-watchmen-2017"
"tt3717252","222674","2018-11-13T17:18:25.000Z","b'Underworld: Blood Wars'","2016","underworld-blood-wars-2016"
"tt0834001","7223","2018-11-13T17:18:08.000Z","b'Underworld: Rise of the Lycans'","2009","underworld-rise-of-the-lycans-2009"
"tt0092099","589","2018-11-13T17:18:00.000Z","b'Top Gun'","1986","top-gun-1986"
"tt0401855","677","2018-11-13T17:17:58.000Z","b'Underworld: Evolution'","2006","underworld-evolution-2006"
"tt1297919","39764","2018-11-13T17:17:40.000Z","b'Blitz'","2011","blitz-2011"
"tt1637688","34516","2018-11-13T17:17:14.000Z","b'In Time'","2011","in-time-2011"
"tt2580382","209916","2018-11-13T17:16:37.000Z","b'The Survivalist'","2015","the-survivalist-2015"
"tt1618442","172684","2018-11-13T17:16:28.000Z","b'The Last Witch Hunter'","2015","the-last-witch-hunter-2015"
"tt1764651","56223","2018-11-13T17:16:03.000Z","b'The Expendables 2'","2012","the-expendables-2-2012"
"tt2333784","92802","2018-11-13T17:15:44.000Z","b'The Expendables 3'","2014","the-expendables-3-2014"
"tt1320253","16982","2018-11-13T17:15:38.000Z","b'The Expendables'","2010","the-expendables-2010"
"tt1439572","36553","2018-11-13T17:14:28.000Z","b'Perfect Sense'","2011","perfect-sense-2011"
"tt1349856","16272","2018-11-13T17:14:18.000Z","b'Neuilly Yo Mama!'","2009","neuilly-yo-mama-2009"
"tt1219289","36449","2018-11-13T17:13:21.000Z","b'Limitless'","2011","limitless-2011"
"tt1988699","98767","2018-11-13T17:13:12.000Z","b'The New Watchdogs'","2012","the-new-watchdogs-2012"
"tt0363547","766","2018-11-13T17:12:38.000Z","b'Dawn of the Dead'","2004","dawn-of-the-dead-2004"
"tt1103153","24298","2018-11-13T17:12:18.000Z","b'Killers'","2010","killers-2010"
"tt0369610","91374","2018-11-13T17:11:22.000Z","b'Jurassic World'","2015","jurassic-world-2015"
"tt3327624","199267","2018-11-13T17:11:01.000Z","b'Infini'","2015","infini-2015"
"tt1034032","11334","2018-11-13T17:10:29.000Z","b'Gamer'","2009","gamer-2009"
"tt4741714","230869","2018-11-13T17:10:16.000Z","b'Five'","2016","five-2016"
"tt0103919","4807","2018-11-13T17:09:22.000Z","b'Candyman'","1992","candyman-1992"
"tt0165662","7259","2018-11-13T17:09:19.000Z","b'Candyman: Day of the Dead'","1999","candyman-day-of-the-dead-1999"
"tt0112625","5982","2018-11-13T17:09:14.000Z","b'Candyman: Farewell to the Flesh'","1995","candyman-farewell-to-the-flesh-1995"
"tt1121931","9155","2018-11-13T17:09:03.000Z","b'Crank: High Voltage'","2009","crank-high-voltage-2009"
"tt0479884","1319","2018-11-13T17:08:52.000Z","b'Crank'","2006","crank-2006"
"tt1706593","56686","2018-11-13T17:08:38.000Z","b'Chronicle'","2012","chronicle-2012"
"tt1284575","36940","2018-11-13T17:08:15.000Z","b'Bad Teacher'","2011","bad-teacher-2011"
"tt2094766","84393","2018-11-13T17:08:01.000Z","b""Assassin's Creed""","2016","assassin-s-creed-2016"
"tt1723121","93163","2018-11-13T17:07:22.000Z","b""We're the Millers""","2013","we-re-the-millers-2013"
"tt0964517","30905","2018-11-13T17:06:51.000Z","b'The Fighter'","2010","the-fighter-2010"
"tt0420293","194481","2018-11-13T17:06:30.000Z","b'The Stanford Prison Experiment'","2015","the-stanford-prison-experiment-2015"
"tt3175398","197628","2018-11-13T17:06:09.000Z","b'The Butler'","2013","the-butler-2013-01-01"
"tt0293564","3013","2018-11-13T17:05:55.000Z","b'Rush Hour 3'","2007","rush-hour-3-2007"
"tt0120812","1458","2018-11-13T17:05:49.000Z","b'Rush Hour'","1998","rush-hour-1998"
"tt0266915","3014","2018-11-13T17:05:47.000Z","b'Rush Hour 2'","2001","rush-hour-2-2001"
"tt1013743","24307","2018-11-13T17:05:10.000Z","b'Knight and Day'","2010","knight-and-day-2010"
"tt2084934","67187","2018-11-13T17:05:05.000Z","b'Kill Zombie!'","2012","kill-zombie-2012"
"tt1634122","41653","2018-11-13T17:04:26.000Z","b'Johnny English Reborn'","2011","johnny-english-reborn-2011"
"tt1753968","47673","2018-11-13T17:04:04.000Z","b'Jackass 3.5'","2011","jackass-3-5-2011"
"tt0493430","7012","2018-11-13T17:04:03.000Z","b'Jackass Number Two'","2006","jackass-number-two-2006"
"tt0322802","4470","2018-11-13T17:04:01.000Z","b'Jackass: The Movie'","2002","jackass-the-movie-2002"
"tt1116184","10019","2018-11-13T17:04:01.000Z","b'Jackass 3D'","2010","jackass-3d-2010"
"tt1117523","8474","2018-11-13T17:03:57.000Z","b'Jackass 2.5'","2007","jackass-2-5-2007"
"tt3195644","177585","2018-11-13T17:03:47.000Z","b'Insidious: Chapter 3'","2015","insidious-chapter-3-2015"
"tt5946668","360532","2018-11-13T17:03:43.000Z","b'4/20 Massacre'","2018","4-20-massacre-2018"
"tt1127896","15994","2018-11-13T17:03:36.000Z","b'Taking Woodstock'","2009","taking-woodstock-2009"
"tt0465494","1067","2018-11-13T17:03:22.000Z","b'Hitman'","2007","hitman-2007"
"tt1321870","61856","2018-11-13T17:02:45.000Z","b'Gangster Squad'","2013","gangster-squad-2013"
"tt3410834","161418","2018-11-13T17:02:07.000Z","b'Allegiant'","2016","allegiant-2016"
"tt2908446","161414","2018-11-13T17:02:02.000Z","b'Insurgent'","2015","insurgent-2015"
"tt1598778","25724","2018-11-13T17:01:48.000Z","b'Contagion'","2011","contagion-2011"
"tt0120591","64","2018-11-13T17:01:34.000Z","b'Armageddon'","1998","armageddon-1998"
"tt0471562","45643","2018-11-13T17:01:04.000Z","b'American Pie: Revealed'","2003","american-pie-revealed-2003"
"tt1407050","15833","2018-11-13T17:00:58.000Z","b'American Pie Presents: The Book of Love'","2009","american-pie-presents-the-book-of-love-2009"
"tt0436058","4098","2018-11-13T17:00:47.000Z","b'American Pie Presents: Band Camp'","2005","american-pie-presents-band-camp-2005"
"tt0974959","4101","2018-11-13T17:00:44.000Z","b'American Pie Presents: Beta House'","2007","american-pie-presents-beta-house-2007"
"tt3316948","160399","2018-11-13T16:59:58.000Z","b'American Ultra'","2015","american-ultra-2015"
"tt0790724","55894","2018-11-13T16:58:32.000Z","b'Jack Reacher'","2012","jack-reacher-2012"
"tt0831387","85943","2018-11-13T16:57:14.000Z","b'Godzilla'","2014","godzilla-2014"
"tt0116629","480","2018-11-12T20:32:33.000Z","b'Independence Day'","1996","independence-day-1996"
"tt0480249","3642","2018-11-12T20:32:06.000Z","b'I Am Legend'","2007","i-am-legend-2007"
"tt0448157","4428","2018-11-12T20:32:00.000Z","b'Hancock'","2008","hancock-2008"
"tt1596345","149552","2018-11-12T20:30:00.000Z","b'Pawn Sacrifice'","2015","pawn-sacrifice-2015"
"tt1318514","44345","2018-11-12T20:29:28.000Z","b'Rise of the Planet of the Apes'","2011","rise-of-the-planet-of-the-apes-2011"
"tt0356910","630","2018-11-12T20:28:29.000Z","b'Mr. & Mrs. Smith'","2005","mr-mrs-smith-2005"
"tt0887883","2878","2018-11-12T20:28:21.000Z","b'Burn After Reading'","2008","burn-after-reading-2008"
"tt0421715","2857","2018-11-12T20:28:18.000Z","b'The Curious Case of Benjamin Button'","2008","the-curious-case-of-benjamin-button-2008"
"tt4758646","224721","2018-11-12T20:28:18.000Z","b'War Machine'","2017","war-machine-2017"
"tt1764234","46735","2018-11-12T20:28:12.000Z","b'Killing Them Softly'","2012","killing-them-softly-2012"
"tt1211837","181311","2018-11-12T20:26:07.000Z","b'Doctor Strange'","2016","doctor-strange-2016"
"tt2381249","112447","2018-11-12T20:25:15.000Z","b'Mission: Impossible - Rogue Nation'","2015","mission-impossible-rogue-nation-2015"
"tt0416320","85","2018-11-12T20:22:47.000Z","b'Match Point'","2005","match-point-2005"
"tt2872732","146856","2018-11-12T20:22:21.000Z","b'Lucy'","2014","lucy-2014"
"tt1219827","196549","2018-11-12T20:22:08.000Z","b'Ghost in the Shell'","2017","ghost-in-the-shell-2017"
"tt1276104","42897","2018-11-12T20:21:39.000Z","b'Looper'","2012","looper-2012"
"tt0120338","475","2018-11-12T20:20:29.000Z","b'Titanic'","1997","titanic-1997"
"tt0450259","911","2018-11-12T20:20:21.000Z","b'Blood Diamond'","2006","blood-diamond-2006"
"tt0163978","1281","2018-11-12T20:20:19.000Z","b'The Beach'","2000","the-beach-2000"
"tt1616195","66426","2018-11-12T20:20:01.000Z","b'J. Edgar'","2011","j-edgar-2011"
"tt2316204","86997","2018-11-12T20:19:10.000Z","b'Alien: Covenant'","2017","alien-covenant-2017"
"tt4044364","190089","2018-11-12T20:18:35.000Z","b'Citizenfour'","2014","citizenfour-2014"
"tt2084970","127828","2018-11-12T20:18:32.000Z","b'The Imitation Game'","2014","the-imitation-game-2014"
"tt0830515","5927","2018-11-12T20:14:10.000Z","b'Quantum of Solace'","2008","quantum-of-solace-2008"
"tt0246460","23309","2018-11-12T20:14:07.000Z","b'Die Another Day'","2002","die-another-day-2002"
"tt1074638","24221","2018-11-12T20:14:05.000Z","b'Skyfall'","2012","skyfall-2012"
"tt2379713","128378","2018-11-12T20:14:03.000Z","b'Spectre'","2015","spectre-2015"
"tt0758730","351","2018-11-12T20:13:32.000Z","b'Aliens vs Predator: Requiem'","2007","aliens-vs-predator-requiem-2007"
"tt1144884","12223","2018-11-12T20:13:30.000Z","b'The Final Destination'","2009","the-final-destination-2009"
"tt0185937","1798","2018-11-12T20:13:23.000Z","b'The Blair Witch Project'","1999","the-blair-witch-project-1999"
"tt1536044","27415","2018-11-12T20:13:07.000Z","b'Paranormal Activity 2'","2010","paranormal-activity-2-2010"
"tt0414982","4586","2018-11-12T20:13:06.000Z","b'Final Destination 3'","2006","final-destination-3-2006"
"tt0418819","6757","2018-11-12T20:13:04.000Z","b'Land of the Dead'","2005","land-of-the-dead-2005"
"tt1245112","5837","2018-11-12T20:12:47.000Z","b'[REC]\xc2\xb2'","2009","rec-2009"
"tt0329101","3630","2018-11-12T20:12:42.000Z","b'Freddy vs. Jason'","2003","freddy-vs-jason-2003"
"tt0309593","4650","2018-11-12T20:12:35.000Z","b'Final Destination 2'","2003","final-destination-2-2003"
"tt1778304","53307","2018-11-12T20:12:30.000Z","b'Paranormal Activity 3'","2011","paranormal-activity-3-2011"
"tt0758746","7753","2018-11-12T20:12:08.000Z","b'Friday the 13th'","2009","friday-the-13th-2009"
"tt1772240","35205","2018-11-12T20:11:57.000Z","b'Apollo 18'","2011","apollo-18-2011"
"tt1649444","59759","2018-11-12T20:11:46.000Z","b'[REC]\xc2\xb3 Genesis'","2012","rec-genesis-2012"
"tt1714203","52583","2018-11-12T20:11:44.000Z","b'Piranha 3DD'","2012","piranha-3dd-2012"
"tt0195714","4810","2018-11-12T20:11:42.000Z","b'Final Destination'","2000","final-destination-2000"
"tt0318627","1033","2018-11-12T20:11:39.000Z","b'Resident Evil: Apocalypse'","2004","resident-evil-apocalypse-2004"
"tt1038686","13896","2018-11-12T20:11:26.000Z","b'Legion'","2010","legion-2010"
"tt1038988","4126","2018-11-12T20:11:26.000Z","b'[REC]'","2007","rec-2007"
"tt0464154","29357","2018-11-12T20:11:20.000Z","b'Piranha 3D'","2010","piranha-3d-2010"
"tt0432021","3956","2018-11-12T20:11:16.000Z","b'Resident Evil: Extinction'","2007","resident-evil-extinction-2007"
"tt0110148","504","2018-11-12T20:11:11.000Z","b'Interview with the Vampire'","1994","interview-with-the-vampire-1994"
"tt1622979","39712","2018-11-12T20:11:03.000Z","b'Final Destination 5'","2011","final-destination-5-2011"
"tt1093357","52424","2018-11-12T20:11:00.000Z","b'The Darkest Hour'","2011","the-darkest-hour-2011"
"tt1179904","14324","2018-11-12T20:10:48.000Z","b'Paranormal Activity'","2009","paranormal-activity-2009"
"tt0822847","24733","2018-11-12T20:10:43.000Z","b'Priest'","2011","priest-2011"
"tt0298130","446","2018-11-12T20:10:41.000Z","b'The Ring'","2002","the-ring-2002"
"tt1220634","22685","2018-11-12T20:10:16.000Z","b'Resident Evil: Afterlife'","2010","resident-evil-afterlife-2010"
"tt1131734","12268","2018-11-12T20:10:09.000Z","b""Jennifer's Body""","2009","jennifer-s-body-2009"
"tt0120804","1032","2018-11-12T20:09:55.000Z","b'Resident Evil'","2002","resident-evil-2002"
"tt1496025","36998","2018-11-12T20:09:40.000Z","b'Underworld: Awakening'","2012","underworld-awakening-2012"
"tt0433362","12219","2018-11-12T20:09:38.000Z","b'Daybreakers'","2009","daybreakers-2009"
"tt0816711","53002","2018-11-12T20:09:31.000Z","b'World War Z'","2013","world-war-z-2013"
"tt1156398","12222","2018-11-12T20:09:22.000Z","b'Zombieland'","2009","zombieland-2009"
"tt1288558","77335","2018-11-12T20:09:07.000Z","b'Evil Dead'","2013","evil-dead-2013"
"tt1641638","29967","2018-11-12T20:08:46.000Z","b'The Legend Is Born: Ip Man'","2010","the-legend-is-born-ip-man-2010"
"tt0399295","1210","2018-11-12T20:08:25.000Z","b'Lord of War'","2005","lord-of-war-2005"
"tt0120102","808","2018-11-12T20:07:17.000Z","b'Seven Years in Tibet'","1997","seven-years-in-tibet-1997"
"tt1220719","8923","2018-11-12T20:07:09.000Z","b'Ip Man'","2008","ip-man-2008"
"tt0332452","527","2018-11-12T20:06:24.000Z","b'Troy'","2004","troy-2004"
"tt1542344","29851","2018-11-12T20:06:11.000Z","b'127 Hours'","2010","127-hours-2010"
"tt1389137","54823","2018-11-12T20:06:09.000Z","b'We Bought a Zoo'","2011","we-bought-a-zoo-2011"
"tt1343727","34095","2018-11-12T20:05:29.000Z","b'Dredd'","2012","dredd-2012"
"tt1071875","52591","2018-11-12T20:05:29.000Z","b'Ghost Rider: Spirit of Vengeance'","2011","ghost-rider-spirit-of-vengeance-2011"
"tt0458481","152","2018-11-12T20:05:20.000Z","b'Sin City: A Dame to Kill For'","2014","sin-city-a-dame-to-kill-for-2014"
"tt1046173","9010","2018-11-12T20:05:18.000Z","b'G.I. Joe: The Rise of Cobra'","2009","g-i-joe-the-rise-of-cobra-2009"
"tt0259324","866","2018-11-12T20:05:12.000Z","b'Ghost Rider'","2007","ghost-rider-2007"
"tt0287978","4766","2018-11-12T20:05:11.000Z","b'Daredevil'","2003","daredevil-2003"
"tt0480255","22226","2018-11-12T20:05:10.000Z","b'The Losers'","2010","the-losers-2010"
"tt0357277","5177","2018-11-12T20:05:09.000Z","b'Elektra'","2005","elektra-2005"
"tt0120912","486","2018-11-12T20:05:03.000Z","b'Men in Black II'","2002","men-in-black-ii-2002"
"tt0330793","3843","2018-11-12T20:05:01.000Z","b'The Punisher'","2004","the-punisher-2004"
"tt1409024","27168","2018-11-12T20:05:01.000Z","b'Men in Black 3'","2012","men-in-black-3-2012"
"tt0970452","21128","2018-11-12T20:04:55.000Z","b'Solomon Kane'","2009","solomon-kane-2009"
"tt0411477","6375","2018-11-12T20:04:53.000Z","b'Hellboy II: The Golden Army'","2008","hellboy-ii-the-golden-army-2008"
"tt0409847","34777","2018-11-12T20:04:52.000Z","b'Cowboys & Aliens'","2011","cowboys-aliens-2011"
"tt0167190","981","2018-11-12T20:04:47.000Z","b'Hellboy'","2004","hellboy-2004"
"tt0120667","5004","2018-11-12T20:04:38.000Z","b'Fantastic Four'","2005","fantastic-four-2005"
"tt0409459","7729","2018-11-12T20:04:34.000Z","b'Watchmen'","2009","watchmen-2009"
"tt1650554","42809","2018-11-12T20:04:30.000Z","b'Kick-Ass 2'","2013","kick-ass-2-2013"
"tt1250777","14160","2018-11-12T20:04:29.000Z","b'Kick-Ass'","2010","kick-ass-2010"
"tt0486576","1343","2018-11-12T20:04:25.000Z","b'Fantastic Four: Rise of the Silver Surfer'","2007","fantastic-four-rise-of-the-silver-surfer-2007"
"tt0376994","23308","2018-11-12T20:04:21.000Z","b'X-Men: The Last Stand'","2006","x-men-the-last-stand-2006"
"tt0416449","884","2018-11-12T20:04:20.000Z","b'300'","2007","300-2007"
"tt1253863","37540","2018-11-12T20:04:19.000Z","b'300: Rise of an Empire'","2014","300-rise-of-an-empire-2014"
"tt1270798","34517","2018-11-12T20:04:19.000Z","b'X-Men: First Class'","2011","x-men-first-class-2011"
"tt0290334","23300","2018-11-12T20:04:13.000Z","b'X2'","2003","x2-2003"
"tt0418279","1237","2018-11-12T20:04:09.000Z","b'Transformers'","2007","transformers-2007"
"tt1877832","87348","2018-11-12T20:04:02.000Z","b'X-Men: Days of Future Past'","2014","x-men-days-of-future-past-2014"
"tt0286716","1301","2018-11-12T20:03:47.000Z","b'Hulk'","2003","hulk-2003"
"tt2397535","128287","2018-11-12T20:01:28.000Z","b'Predestination'","2014","predestination-2014"
"tt1483013","55753","2018-11-12T20:01:06.000Z","b'Oblivion'","2013","oblivion-2013"
"tt0453467","3948","2018-11-12T20:01:01.000Z","b'D\xc3\xa9j\xc3\xa0 Vu'","2006","deja-vu-2006"
"tt0181689","145","2018-11-12T20:00:55.000Z","b'Minority Report'","2002","minority-report-2002"
"tt1712170","69207","2018-11-12T20:00:53.000Z","b'Alex Cross'","2012","alex-cross-2012"
"tt0399201","1081","2018-11-12T20:00:35.000Z","b'The Island'","2005","the-island-2005"
"tt0114746","34","2018-11-12T20:00:17.000Z","b'Twelve Monkeys'","1995","twelve-monkeys-1995"
"tt0211933","7942","2018-11-12T19:59:59.000Z","b'Awake'","2007","awake-2007"
"tt0945513","31151","2018-11-12T19:59:55.000Z","b'Source Code'","2011","source-code-2011"
"tt1386703","46685","2018-11-12T19:59:45.000Z","b'Total Recall'","2012","total-recall-2012"
"tt0123755","343","2018-11-12T19:59:43.000Z","b'Cube'","1997","cube-1997"
"tt0361862","2679","2018-11-12T19:59:29.000Z","b'The Machinist'","2004","the-machinist-2004"
"tt0443543","985","2018-11-12T19:59:28.000Z","b'The Illusionist'","2006","the-illusionist-2006"
"tt0401792","151","2018-11-12T19:58:51.000Z","b'Sin City'","2005","sin-city-2005"
"tt5397194","239755","2018-11-12T19:56:49.000Z","b'Anon'","2018","anon-2018"
"tt1355644","172700","2018-11-12T19:56:41.000Z","b'Passengers'","2016","passengers-2016"
"tt2548396","233151","2018-11-12T19:55:41.000Z","b'The Cloverfield Paradox'","2018","the-cloverfield-paradox-2018"
"tt4644488","228037","2018-11-12T19:55:32.000Z","b'Dragon Ball Super'","","dragon-ball-super"
"tt2386404","177203","2018-11-12T19:55:02.000Z","b'He Never Died'","2015","he-never-died-2015"
"tt2109248","67751","2018-11-12T19:54:50.000Z","b'Transformers: Age of Extinction'","2014","transformers-age-of-extinction-2014"
"tt1371111","62551","2018-11-12T19:54:48.000Z","b'Cloud Atlas'","2012","cloud-atlas-2012"
"tt2109184","62121","2018-11-12T19:54:27.000Z","b'Paranormal Activity 4'","2012","paranormal-activity-4-2012"
"tt0914863","24627","2018-11-12T19:54:21.000Z","b'Unthinkable'","2010","unthinkable-2010"
"tt1399103","24763","2018-11-12T19:54:14.000Z","b'Transformers: Dark of the Moon'","2011","transformers-dark-of-the-moon-2011"
"tt0120903","23299","2018-11-12T19:54:03.000Z","b'X-Men'","2000","x-men-2000"
"tt0464913","9198","2018-11-12T19:53:56.000Z","b'OSS 117: Cairo, Nest of Spies'","2006","oss-117-cairo-nest-of-spies-2006"
"tt1190080","8477","2018-11-12T19:53:50.000Z","b'2012'","2009","2012-2009"
"tt3569230","174599","2018-11-12T19:53:17.000Z","b'Legend'","2015","legend-2015"
"tt2294449","117143","2018-11-12T19:53:07.000Z","b'22 Jump Street'","2014","22-jump-street-2014"
"tt2637276","132669","2018-11-12T19:53:05.000Z","b'Ted 2'","2015","ted-2-2015"
"tt2692250","114222","2018-11-12T19:52:50.000Z","b'Night at the Museum: Secret of the Tomb'","2014","night-at-the-museum-secret-of-the-tomb-2014"
"tt1980209","90856","2018-11-12T19:51:59.000Z","b'Pain & Gain'","2013","pain-gain-2013"
"tt2103281","83040","2018-11-12T19:51:57.000Z","b'Dawn of the Planet of the Apes'","2014","dawn-of-the-planet-of-the-apes-2014"
"tt1411697","30842","2018-11-12T19:51:40.000Z","b'The Hangover Part II'","2011","the-hangover-part-ii-2011"
"tt1119646","11534","2018-11-12T19:51:34.000Z","b'The Hangover'","2009","the-hangover-2009"
"tt1951261","77344","2018-11-12T19:51:19.000Z","b'The Hangover Part III'","2013","the-hangover-part-iii-2013"
"tt8633296","398313","2018-11-12T19:51:01.000Z","b'Alien Predator'","2018","alien-predator-2018"
"tt5519340","264716","2018-11-12T19:50:43.000Z","b'Bright'","2017","bright-2017"
"tt4229236","199790","2018-11-12T19:50:29.000Z","b'Cobain: Montage of Heck'","2015","cobain-montage-of-heck-2015"
"tt1596363","199563","2018-11-12T19:50:28.000Z","b'The Big Short'","2015","the-big-short-2015"
"tt0890870","537","2018-11-12T19:50:15.000Z","b'Saw IV'","2007","saw-iv-2007"
"tt1477076","27417","2018-11-12T19:50:03.000Z","b'Saw 3D'","2010","saw-3d-2010"
"tt1233227","13853","2018-11-12T19:50:02.000Z","b'Saw VI'","2009","saw-vi-2009"
"tt0489270","173","2018-11-12T19:50:02.000Z","b'Saw III'","2006","saw-iii-2006"
"tt0432348","174","2018-11-12T19:50:01.000Z","b'Saw II'","2005","saw-ii-2005"
"tt1132626","6935","2018-11-12T19:49:59.000Z","b'Saw V'","2008","saw-v-2008"
"tt0387564","141","2018-11-12T19:49:47.000Z","b'Saw'","2004","saw-2004"
"tt1670345","55786","2018-11-12T19:49:20.000Z","b'Now You See Me'","2013","now-you-see-me-2013"
"tt1840309","102162","2018-11-12T19:49:06.000Z","b'Divergent'","2014","divergent-2014"
"tt1951264","72719","2018-11-12T19:49:03.000Z","b'The Hunger Games: Catching Fire'","2013","the-hunger-games-catching-fire-2013"
"tt1951266","89543","2018-11-12T19:48:57.000Z","b'The Hunger Games: Mockingjay - Part 2'","2015","the-hunger-games-mockingjay-part-2-2015"
"tt1951265","89542","2018-11-12T19:48:55.000Z","b'The Hunger Games: Mockingjay - Part 1'","2014","the-hunger-games-mockingjay-part-1-2014"
"tt1583421","53296","2018-11-12T19:48:44.000Z","b'G.I. Joe: Retaliation'","2013","g-i-joe-retaliation-2013"
"tt1637725","52936","2018-11-12T19:48:38.000Z","b'Ted'","2012","ted-2012"
"tt1855325","52594","2018-11-12T19:48:31.000Z","b'Resident Evil: Retribution'","2012","resident-evil-retribution-2012"
"tt1392170","51342","2018-11-12T19:48:31.000Z","b'The Hunger Games'","2012","the-hunger-games-2012"
"tt1408101","38322","2018-11-12T19:48:17.000Z","b'Star Trek Into Darkness'","2013","star-trek-into-darkness-2013"
"tt0989757","13938","2018-11-12T19:48:09.000Z","b'Dear John'","2010","dear-john-2010"
"tt0814255","20979","2018-11-12T19:48:06.000Z","b'Percy Jackson & the Olympians: The Lightning Thief'","2010","percy-jackson-the-olympians-the-lightning-thief-2010"
"tt0840361","14027","2018-11-12T19:48:02.000Z","b'The Town'","2010","the-town-2010"
"tt0947810","13939","2018-11-12T19:47:57.000Z","b'Green Zone'","2010","green-zone-2010"
"tt1259571","11164","2018-11-12T19:47:45.000Z","b'The Twilight Saga: New Moon'","2009","the-twilight-saga-new-moon-2009"
"tt0837562","56494","2018-11-12T19:47:22.000Z","b'Hotel Transylvania'","2012","hotel-transylvania-2012"
"tt0320691","233","2018-11-12T19:47:14.000Z","b'Underworld'","2003","underworld-2003"
"tt0338526","3825","2018-11-12T19:47:07.000Z","b'Van Helsing'","2004","van-helsing-2004"
"tt0175142","2494","2018-11-12T19:46:39.000Z","b'Scary Movie'","2000","scary-movie-2000"
"tt1636826","40847","2018-11-12T19:46:38.000Z","b'Project X'","2012","project-x-2012"
"tt0163651","1454","2018-11-12T19:46:35.000Z","b'American Pie'","1999","american-pie-1999"
"tt0252866","1851","2018-11-12T19:46:28.000Z","b'American Pie 2'","2001","american-pie-2-2001"
"tt1605630","52492","2018-11-12T19:46:24.000Z","b'American Reunion'","2012","american-reunion-2012"
"tt0328828","4097","2018-11-12T19:46:17.000Z","b'American Wedding'","2003","american-wedding-2003"
"tt0458525","1430","2018-11-12T19:45:48.000Z","b'X-Men Origins: Wolverine'","2009","x-men-origins-wolverine-2009"
"tt1430132","56230","2018-11-12T19:45:46.000Z","b'The Wolverine'","2013","the-wolverine-2013"
"tt0317919","795","2018-11-12T19:45:26.000Z","b'Mission: Impossible III'","2006","mission-impossible-iii-2006"
"tt0384537","467","2018-11-12T19:45:26.000Z","b'Silent Hill'","2006","silent-hill-2006"
"tt0112384","448","2018-11-12T19:45:10.000Z","b'Apollo 13'","1995","apollo-13-1995"
"tt0360486","442","2018-11-12T19:44:56.000Z","b'Constantine'","2005","constantine-2005"
"tt0319262","346","2018-11-12T19:44:53.000Z","b'The Day After Tomorrow'","2004","the-day-after-tomorrow-2004"
"tt0163025","278","2018-11-12T19:44:36.000Z","b'Jurassic Park III'","2001","jurassic-park-iii-2001"
"tt3110958","188631","2018-11-12T19:44:20.000Z","b'Now You See Me 2'","2016","now-you-see-me-2-2016"
"tt0349903","128","2018-11-12T19:44:15.000Z","b""Ocean's Twelve""","2004","ocean-s-twelve-2004"
"tt0099423","1030","2018-11-12T19:44:14.000Z","b'Die Hard 2'","1990","die-hard-2-1990"
"tt0496806","251","2018-11-12T19:44:12.000Z","b""Ocean's Thirteen""","2007","ocean-s-thirteen-2007"
"tt0360717","212","2018-11-12T19:44:07.000Z","b'King Kong'","2005","king-kong-2005"
"tt0463854","1021","2018-11-12T19:43:48.000Z","b'28 Weeks Later'","2007","28-weeks-later-2007"
"tt0289043","135","2018-11-12T19:43:37.000Z","b'28 Days Later'","2002","28-days-later-2002"
"tt4649466","223444","2018-11-12T19:43:00.000Z","b'Kingsman: The Golden Circle'","2017","kingsman-the-golden-circle-2017"
"tt2980516","165377","2018-11-12T19:42:58.000Z","b'The Theory of Everything'","2014","the-theory-of-everything-2014"
"tt3322364","202681","2018-11-12T19:42:43.000Z","b'Concussion'","2015","concussion-2015"
"tt3896198","181256","2018-11-12T19:42:33.000Z","b'Guardians of the Galaxy Vol. 2'","2017","guardians-of-the-galaxy-vol-2-2017"
"tt3385516","149999","2018-11-12T19:42:19.000Z","b'X-Men: Apocalypse'","2016","x-men-apocalypse-2016"
"tt0373051","66406","2018-11-12T19:42:15.000Z","b'Journey to the Center of the Earth'","2008","journey-to-the-center-of-the-earth-2008-07-11"
"tt1228705","5355","2018-11-12T19:41:51.000Z","b'Iron Man 2'","2010","iron-man-2-2010"
"tt1300854","50134","2018-11-12T19:41:47.000Z","b'Iron Man 3'","2013","iron-man-3-2013"
"tt0371746","1157","2018-11-12T19:41:34.000Z","b'Iron Man'","2008","iron-man-2008"
"tt0829150","34067","2018-11-12T19:40:09.000Z","b'Dracula Untold'","2014","dracula-untold-2014"
"tt0359013","23294","2018-11-12T19:40:04.000Z","b'Blade: Trinity'","2004","blade-trinity-2004"
"tt1133985","30549","2018-11-12T19:39:54.000Z","b'Green Lantern'","2011","green-lantern-2011"
"tt0187738","23244","2018-11-12T19:39:53.000Z","b'Blade II'","2002","blade-ii-2002"
"tt0120611","23293","2018-11-12T19:39:48.000Z","b'Blade'","1998","blade-1998"
"tt1229238","40108","2018-11-12T19:39:45.000Z","b'Mission: Impossible - Ghost Protocol'","2011","mission-impossible-ghost-protocol-2011"
"tt1325004","14407","2018-11-12T19:39:34.000Z","b'The Twilight Saga: Eclipse'","2010","the-twilight-saga-eclipse-2010"
"tt1055369","4158","2018-11-12T19:39:26.000Z","b'Transformers: Revenge of the Fallen'","2009","transformers-revenge-of-the-fallen-2009"
"tt3501632","181312","2018-11-12T19:39:01.000Z","b'Thor: Ragnarok'","2017","thor-ragnarok-2017"
"tt0800369","5408","2018-11-12T19:38:56.000Z","b'Thor'","2011","thor-2011"
"tt1981115","56358","2018-11-12T19:38:48.000Z","b'Thor: The Dark World'","2013","thor-the-dark-world-2013"
"tt1843866","72297","2018-11-12T19:38:46.000Z","b'Captain America: The Winter Soldier'","2014","captain-america-the-winter-soldier-2014"
"tt3949660","194006","2018-11-12T19:38:30.000Z","b'Teenage Mutant Ninja Turtles: Out of the Shadows'","2016","teenage-mutant-ninja-turtles-out-of-the-shadows-2016"
"tt1291150","71376","2018-11-12T19:38:21.000Z","b'Teenage Mutant Ninja Turtles'","2014","teenage-mutant-ninja-turtles-2014"
"tt1872181","73293","2018-11-12T19:38:18.000Z","b'The Amazing Spider-Man 2'","2014","the-amazing-spider-man-2-2014"
"tt0117060","793","2018-11-12T19:38:04.000Z","b'Mission: Impossible'","1996","mission-impossible-1996"
"tt1194173","34086","2018-11-12T19:37:58.000Z","b'The Bourne Legacy'","2012","the-bourne-legacy-2012"
"tt0440963","1737","2018-11-12T19:37:56.000Z","b'The Bourne Ultimatum'","2007","the-bourne-ultimatum-2007"
"tt4196776","205219","2018-11-12T19:37:52.000Z","b'Jason Bourne'","2016","jason-bourne-2016"
"tt0253754","164","2018-11-12T19:37:48.000Z","b'Star Trek: Nemesis'","2002","star-trek-nemesis-2002"
"tt0372183","1736","2018-11-12T19:37:45.000Z","b'The Bourne Supremacy'","2004","the-bourne-supremacy-2004"
"tt0121765","1269","2018-11-12T19:37:18.000Z","b'Star Wars: Episode II - Attack of the Clones'","2002","star-wars-episode-ii-attack-of-the-clones-2002"
"tt0121766","1270","2018-11-12T19:37:00.000Z","b'Star Wars: Episode III - Revenge of the Sith'","2005","star-wars-episode-iii-revenge-of-the-sith-2005"
"tt0121765","1269","2018-11-12T19:36:56.000Z","b'Star Wars: Episode II - Attack of the Clones'","2002","star-wars-episode-ii-attack-of-the-clones-2002"
"tt0080684","1266","2018-11-12T19:36:53.000Z","b'The Empire Strikes Back'","1980","the-empire-strikes-back-1980"
"tt0948470","1302","2018-11-12T19:36:34.000Z","b'The Amazing Spider-Man'","2012","the-amazing-spider-man-2012"
"tt0258463","1735","2018-11-12T19:36:32.000Z","b'The Bourne Identity'","2002","the-bourne-identity-2002"
"tt0112864","1029","2018-11-12T19:36:31.000Z","b'Die Hard: With a Vengeance'","1995","die-hard-with-a-vengeance-1995"
"tt0120915","1268","2018-11-12T19:36:30.000Z","b'Star Wars: Episode I - The Phantom Menace'","1999","star-wars-episode-i-the-phantom-menace-1999"
"tt2975590","129583","2018-11-12T19:36:04.000Z","b'Batman v Superman: Dawn of Justice'","2016","batman-v-superman-dawn-of-justice-2016"
"tt0119654","485","2018-11-12T19:36:01.000Z","b'Men in Black'","1997","men-in-black-1997"
"tt0316654","439","2018-11-12T19:35:58.000Z","b'Spider-Man 2'","2004","spider-man-2-2004"
"tt0413300","440","2018-11-12T19:35:50.000Z","b'Spider-Man 3'","2007","spider-man-3-2007"
"tt0462538","28","2018-11-12T19:35:40.000Z","b'The Simpsons Movie'","2007","the-simpsons-movie-2007"
"tt1386697","193079","2018-11-12T19:35:38.000Z","b'Suicide Squad'","2016","suicide-squad-2016"
"tt2798920","220563","2018-11-12T19:35:36.000Z","b'Annihilation'","2018","annihilation-2018"
"tt3371366","216718","2018-11-12T19:35:28.000Z","b'Transformers: The Last Knight'","2017","transformers-the-last-knight-2017"
"tt1825683","181313","2018-11-12T19:35:20.000Z","b'Black Panther'","2018","black-panther-2018"
"tt2179136","119348","2018-11-12T19:35:16.000Z","b'American Sniper'","2014","american-sniper-2014"
"tt0478970","73582","2018-11-12T19:35:10.000Z","b'Ant-Man'","2015","ant-man-2015"
"tt0458339","1170","2018-11-12T19:35:09.000Z","b'Captain America: The First Avenger'","2011","captain-america-the-first-avenger-2011"
"tt0348150","973","2018-11-12T19:35:02.000Z","b'Superman Returns'","2006","superman-returns-2006"
"tt0800080","1155","2018-11-12T19:35:02.000Z","b'The Incredible Hulk'","2008","the-incredible-hulk-2008"
"tt0770828","34507","2018-11-12T19:34:57.000Z","b'Man of Steel'","2013","man-of-steel-2013"
"tt2395427","71938","2018-11-12T19:34:54.000Z","b'Avengers: Age of Ultron'","2015","avengers-age-of-ultron-2015"
"tt0974015","94232","2018-11-12T19:34:51.000Z","b'Justice League'","2017","justice-league-2017"
"tt0103644","4044","2018-11-12T19:34:35.000Z","b'Alien\xc2\xb3'","1992","alien-1992"
"tt0848228","14701","2018-11-12T19:34:30.000Z","b'The Avengers'","2012","the-avengers-2012"
"tt1446714","52036","2018-11-12T19:34:12.000Z","b'Prometheus'","2012","prometheus-2012"
"tt0343818","1406","2018-11-12T19:34:06.000Z","b'I, Robot'","2004","i-robot-2004"
"tt0234215","482","2018-11-12T19:33:49.000Z","b'The Matrix Reloaded'","2003","the-matrix-reloaded-2003"
"tt1340138","65508","2018-11-12T19:33:39.000Z","b'Terminator Genisys'","2015","terminator-genisys-2015"
"tt0242653","483","2018-11-12T19:33:36.000Z","b'The Matrix Revolutions'","2003","the-matrix-revolutions-2003"
"tt0242653","483","2018-11-12T19:33:33.000Z","b'The Matrix Revolutions'","2003","the-matrix-revolutions-2003"
"tt0949731","4251","2018-11-12T19:33:07.000Z","b'The Happening'","2008","the-happening-2008"
"tt0938283","5409","2018-11-12T19:33:06.000Z","b'The Last Airbender'","2010","the-last-airbender-2010"
"tt0217869","5007","2018-11-12T19:33:05.000Z","b'Unbreakable'","2000","unbreakable-2000"
"tt0286106","1805","2018-11-12T19:32:56.000Z","b'Signs'","2002","signs-2002"
"tt2527336","114333","2018-11-12T19:32:12.000Z","b'Star Wars: The Last Jedi'","2017","star-wars-the-last-jedi-2017"
"tt1298650","1244","2018-11-12T19:32:04.000Z","b'Pirates of the Caribbean: On Stranger Tides'","2011","pirates-of-the-caribbean-on-stranger-tides-2011"
"tt1431045","190430","2018-11-12T19:32:01.000Z","b'Deadpool'","2016","deadpool-2016"
"tt1790809","106667","2018-11-12T19:31:43.000Z","b'Pirates of the Caribbean: Dead Men Tell No Tales'","2017","pirates-of-the-caribbean-dead-men-tell-no-tales-2017"
"tt1298650","1244","2018-11-12T19:31:43.000Z","b'Pirates of the Caribbean: On Stranger Tides'","2011","pirates-of-the-caribbean-on-stranger-tides-2011"
"tt0449088","239","2018-11-12T19:31:36.000Z","b""Pirates of the Caribbean: At World's End""","2007","pirates-of-the-caribbean-at-world-s-end-2007"
"tt0383574","31","2018-11-12T19:31:34.000Z","b""Pirates of the Caribbean: Dead Man's Chest""","2006","pirates-of-the-caribbean-dead-man-s-chest-2006"
"tt0499549","12269","2018-11-12T19:31:11.000Z","b'Avatar'","2009","avatar-2009"
"tt0373889","549","2018-11-12T19:30:54.000Z","b'Harry Potter and the Order of the Phoenix'","2007","harry-potter-and-the-order-of-the-phoenix-2007"
"tt0926084","7228","2018-11-12T19:30:50.000Z","b'Harry Potter and the Deathly Hallows: Part 1'","2010","harry-potter-and-the-deathly-hallows-part-1-2010"
"tt0373889","549","2018-11-12T19:30:48.000Z","b'Harry Potter and the Order of the Phoenix'","2007","harry-potter-and-the-order-of-the-phoenix-2007"
"tt0417741","610","2018-11-12T19:30:41.000Z","b'Harry Potter and the Half-Blood Prince'","2009","harry-potter-and-the-half-blood-prince-2009"
"tt0417741","610","2018-11-12T19:30:36.000Z","b'Harry Potter and the Half-Blood Prince'","2009","harry-potter-and-the-half-blood-prince-2009"
"tt0417741","610","2018-11-12T19:30:32.000Z","b'Harry Potter and the Half-Blood Prince'","2009","harry-potter-and-the-half-blood-prince-2009"
"tt0330373","548","2018-11-12T19:30:17.000Z","b'Harry Potter and the Goblet of Fire'","2005","harry-potter-and-the-goblet-of-fire-2005"
"tt2975578","145659","2018-11-12T19:29:55.000Z","b'The Purge: Anarchy'","2014","the-purge-anarchy-2014"
"tt0796366","7935","2018-11-12T19:29:49.000Z","b'Star Trek'","2009","star-trek-2009"
"tt6133466","288355","2018-11-12T19:29:44.000Z","b'The First Purge'","2018","the-first-purge-2018"
"tt2184339","102526","2018-11-12T19:29:43.000Z","b'The Purge'","2013","the-purge-2013"
"tt4094724","197608","2018-11-12T19:29:40.000Z","b'The Purge: Election Year'","2016","the-purge-election-year-2016"
"tt6133466","288355","2018-11-12T19:29:32.000Z","b'The First Purge'","2018","the-first-purge-2018"
"tt0241527","545","2018-11-12T19:29:16.000Z","b""Harry Potter and the Philosopher's Stone""","2001","harry-potter-and-the-philosopher-s-stone-2001"
"tt5463162","226108","2018-11-12T19:29:15.000Z","b'Deadpool 2'","2018","deadpool-2-2018"
"tt0304141","547","2018-11-12T19:29:13.000Z","b'Harry Potter and the Prisoner of Azkaban'","2004","harry-potter-and-the-prisoner-of-azkaban-2004"
"tt0295297","546","2018-11-12T19:29:10.000Z","b'Harry Potter and the Chamber of Secrets'","2002","harry-potter-and-the-chamber-of-secrets-2002"
"tt4881806","222216","2018-11-12T19:29:01.000Z","b'Jurassic World: Fallen Kingdom'","2018","jurassic-world-fallen-kingdom-2018"
"tt5095030","223262","2018-11-12T19:28:49.000Z","b'Ant-Man and the Wasp'","2018","ant-man-and-the-wasp-2018"
"tt3183660","158661","2018-11-12T19:28:38.000Z","b'Fantastic Beasts and Where to Find Them'","2016","fantastic-beasts-and-where-to-find-them-2016"
"tt3450958","178749","2018-11-12T15:50:42.000Z","b'War for the Planet of the Apes'","2017","war-for-the-planet-of-the-apes-2017"
"tt2250912","196213","2018-11-12T15:50:19.000Z","b'Spider-Man: Homecoming'","2017","spider-man-homecoming-2017"
"tt1049413","8476","2018-11-12T15:50:11.000Z","b'Up'","2009","up-2009"
"tt1454468","34093","2018-11-12T15:50:02.000Z","b'Gravity'","2013","gravity-2013"
"tt0451279","192487","2018-11-12T15:49:26.000Z","b'Wonder Woman'","2017","wonder-woman-2017"
"tt1259521","13937","2018-11-12T15:49:02.000Z","b'The Cabin in the Woods'","2012","the-cabin-in-the-woods-2012"
"tt0083866","479","2018-11-12T15:48:53.000Z","b'E.T. the Extra-Terrestrial'","1982","e-t-the-extra-terrestrial-1982"
"tt0145487","438","2018-11-12T15:48:42.000Z","b'Spider-Man'","2002","spider-man-2002"
"tt3498820","169105","2018-11-12T15:48:28.000Z","b'Captain America: Civil War'","2016","captain-america-civil-war-2016"
"tt0119177","625","2018-11-12T15:48:06.000Z","b'Gattaca'","1997","gattaca-1997"
"tt0092991","608","2018-11-12T15:47:48.000Z","b'Evil Dead II'","1987","evil-dead-ii-1987"
"tt0087332","496","2018-11-12T15:47:45.000Z","b'Ghostbusters'","1984","ghostbusters-1984"
"tt0378194","313","2018-11-12T15:47:32.000Z","b'Kill Bill: Vol. 2'","2004","kill-bill-vol-2-2004"
"tt0120363","706","2018-11-12T15:47:24.000Z","b'Toy Story 2'","1999","toy-story-2-1999"
"tt0070047","4830","2018-11-12T15:47:17.000Z","b'The Exorcist'","1973","the-exorcist-1973"
"tt0240772","126","2018-11-12T15:46:20.000Z","b""Ocean's Eleven""","2001","ocean-s-eleven-2001"
"tt2488496","94024","2018-11-12T15:46:18.000Z","b'Star Wars: The Force Awakens'","2015","star-wars-the-force-awakens-2015"
"tt0942385","3907","2018-11-12T15:46:04.000Z","b'Tropic Thunder'","2008","tropic-thunder-2008"
"tt3659388","183371","2018-11-12T15:46:00.000Z","b'The Martian'","2015","the-martian-2015"
"tt0446029","13716","2018-11-12T15:45:47.000Z","b'Scott Pilgrim vs. the World'","2010","scott-pilgrim-vs-the-world-2010"
"tt1631867","92230","2018-11-12T15:45:43.000Z","b'Edge of Tomorrow'","2014","edge-of-tomorrow-2014"
"tt0382932","1416","2018-11-12T15:45:40.000Z","b'Ratatouille'","2007","ratatouille-2007"
"tt0144084","898","2018-11-12T15:45:11.000Z","b'American Psycho'","2000","american-psycho-2000"
"tt1136608","10803","2018-11-12T15:45:07.000Z","b'District 9'","2009","district-9-2009"
"tt0172495","67","2018-11-12T15:44:44.000Z","b'Gladiator'","2000","gladiator-2000"
"tt0443706","1320","2018-11-12T15:44:41.000Z","b'Zodiac'","2007","zodiac-2007"
"tt2543164","210803","2018-11-12T15:44:39.000Z","b'Arrival'","2016","arrival-2016"
"tt0365748","592","2018-11-12T15:44:38.000Z","b'Shaun of the Dead'","2004","shaun-of-the-dead-2004"
"tt1798709","99919","2018-11-12T15:44:33.000Z","b'Her'","2013","her-2013"
"tt0780504","46736","2018-11-12T15:44:30.000Z","b'Drive'","2011","drive-2011"
"tt0206634","4965","2018-11-12T15:44:10.000Z","b'Children of Men'","2006","children-of-men-2006"
"tt0470752","163375","2018-11-12T15:43:55.000Z","b'Ex Machina'","2015","ex-machina-2015"
"tt0317705","5065","2018-11-12T15:43:40.000Z","b'The Incredibles'","2004","the-incredibles-2004"
"tt1285016","24279","2018-11-12T15:43:40.000Z","b'The Social Network'","2010","the-social-network-2010"
"tt0114709","705","2018-11-12T15:43:36.000Z","b'Toy Story'","1995","toy-story-1995"
"tt0114369","650","2018-11-12T15:43:30.000Z","b'Se7en'","1995","se7en-1995"
"tt0325980","18","2018-11-12T15:43:08.000Z","b'Pirates of the Caribbean: The Curse of the Black Pearl'","2003","pirates-of-the-caribbean-the-curse-of-the-black-pearl-2003"
"tt2015381","82405","2018-11-12T15:43:02.000Z","b'Guardians of the Galaxy'","2014","guardians-of-the-galaxy-2014"
"tt0113247","324","2018-11-12T15:42:25.000Z","b'La Haine'","1995","la-haine-1995"
"tt0088247","177","2018-11-12T15:42:22.000Z","b'The Terminator'","1984","the-terminator-1984"
"tt3315342","161972","2018-11-12T15:42:20.000Z","b'Logan'","2017","logan-2017"
"tt0198781","464","2018-11-12T15:42:14.000Z","b'Monsters, Inc.'","2001","monsters-inc-2001"
"tt1201607","7229","2018-11-12T15:42:10.000Z","b'Harry Potter and the Deathly Hallows: Part 2'","2011","harry-potter-and-the-deathly-hallows-part-2-2011"
"tt0264464","516","2018-11-12T15:42:07.000Z","b'Catch Me If You Can'","2002","catch-me-if-you-can-2002"
"tt0120382","23734","2018-11-12T15:41:42.000Z","b'The Truman Show'","1998","the-truman-show-1998"
"tt0107290","276","2018-11-12T15:41:29.000Z","b'Jurassic Park'","1993","jurassic-park-1993"
"tt0758758","3373","2018-11-12T15:41:26.000Z","b'Into the Wild'","2007","into-the-wild-2007"
"tt1130884","6422","2018-11-12T15:41:16.000Z","b'Shutter Island'","2010","shutter-island-2010"
"tt0266697","19","2018-11-12T15:41:09.000Z","b'Kill Bill: Vol. 1'","2003","kill-bill-vol-1-2003"
"tt0266543","8","2018-11-12T15:41:06.000Z","b'Finding Nemo'","2003","finding-nemo-2003"
"tt1205489","7759","2018-11-12T15:41:01.000Z","b'Gran Torino'","2008","gran-torino-2008"
"tt0083658","48","2018-11-12T15:40:35.000Z","b'Blade Runner'","1982","blade-runner-1982"
"tt0993846","75735","2018-11-12T15:40:31.000Z","b'The Wolf of Wall Street'","2013","the-wolf-of-wall-street-2013"
"tt0434409","595","2018-11-12T15:40:28.000Z","b'V for Vendetta'","2006","v-for-vendetta-2006"
"tt0268978","358","2018-11-12T15:40:16.000Z","b'A Beautiful Mind'","2001","a-beautiful-mind-2001"
"tt0372784","228","2018-11-12T15:40:03.000Z","b'Batman Begins'","2005","batman-begins-2005"
"tt0095016","443","2018-11-12T15:39:59.000Z","b'Die Hard'","1988","die-hard-1988"
"tt0435761","5407","2018-11-12T15:39:36.000Z","b'Toy Story 3'","2010","toy-story-3-2010"
"tt0361748","10322","2018-11-12T15:39:32.000Z","b'Inglourious Basterds'","2009","inglourious-basterds-2009"
"tt0119217","383","2018-11-12T15:39:30.000Z","b'Good Will Hunting'","1997","good-will-hunting-1997"
"tt0093058","478","2018-11-12T15:39:26.000Z","b'Full Metal Jacket'","1987","full-metal-jacket-1987"
"tt0180093","517","2018-11-12T15:39:00.000Z","b'Requiem for a Dream'","2000","requiem-for-a-dream-2000"
"tt0086190","1267","2018-11-12T15:38:59.000Z","b'Return of the Jedi'","1983","return-of-the-jedi-1983"
"tt1345836","34073","2018-11-12T15:38:50.000Z","b'The Dark Knight Rises'","2012","the-dark-knight-rises-2012"
"tt0910970","5853","2018-11-12T15:38:50.000Z","b'WALL\xc2\xb7E'","2008","wall-e-2008"
"tt0090605","553","2018-11-12T15:38:47.000Z","b'Aliens'","1986","aliens-1986"
"tt1853728","50131","2018-11-12T15:38:39.000Z","b'Django Unchained'","2012","django-unchained-2012"
"tt0081505","566","2018-11-12T15:38:36.000Z","b'The Shining'","1980","the-shining-1980"
"tt4154756","191797","2018-11-12T15:38:30.000Z","b'Avengers: Infinity War'","2018","avengers-infinity-war-2018"
"tt2582802","149047","2018-11-12T15:38:25.000Z","b'Whiplash'","2014","whiplash-2014"
"tt0078748","295","2018-11-12T15:38:19.000Z","b'Alien'","1979","alien-1979"
"tt0209144","47","2018-11-12T15:38:17.000Z","b'Memento'","2000","memento-2000"
"tt0078788","23","2018-11-12T15:38:12.000Z","b'Apocalypse Now'","1979","apocalypse-now-1979"
"tt0482571","851","2018-11-12T15:38:10.000Z","b'The Prestige'","2006","the-prestige-2006"
"tt0088763","74","2018-11-12T15:38:08.000Z","b'Back to the Future'","1985","back-to-the-future-1985"
"tt0103064","236","2018-11-12T15:38:03.000Z","b'Terminator 2: Judgment Day'","1991","terminator-2-judgment-day-1991"
"tt0120586","43","2018-11-12T15:37:47.000Z","b'American History X'","1998","american-history-x-1998"
"tt1675434","57181","2018-11-12T15:37:40.000Z","b'The Intouchables'","2011","the-intouchables-2011"
"tt0816692","102156","2018-11-12T15:37:38.000Z","b'Interstellar'","2014","interstellar-2014"
"tt0120689","390","2018-11-12T15:37:35.000Z","b'The Green Mile'","1999","the-green-mile-1999"
"tt0120815","700","2018-11-12T15:37:31.000Z","b'Saving Private Ryan'","1998","saving-private-ryan-1998"
"tt1375666","16662","2018-11-12T15:37:30.000Z","b'Inception'","2010","inception-2010"
"tt0076759","7","2018-11-12T15:37:24.000Z","b'Star Wars'","1977","star-wars-1977"
"tt0137523","432","2018-11-12T15:37:24.000Z","b'Fight Club'","1999","fight-club-1999"
"tt0133093","481","2018-11-12T15:37:15.000Z","b'The Matrix'","1999","the-matrix-1999"
"tt0109830","9","2018-11-12T15:37:10.000Z","b'Forrest Gump'","1994","forrest-gump-1994"
"tt0110912","554","2018-11-12T15:37:02.000Z","b'Pulp Fiction'","1994","pulp-fiction-1994"
"tt0468569","120","2018-11-12T15:36:58.000Z","b'The Dark Knight'","2008","the-dark-knight-2008"
"tt1213641","277750","2018-11-12T15:36:17.000Z","b'First Man'","2018","first-man-2018"
