title,year,genres,languages,runtimes,rating,votes,director,writers,cast,composers,plot,plot_outline,cover_url,full_size_cover_url,box_office
Deadpool,2016,Action|Adventure|Comedy|Sci-Fi,English,108,8.0,861440,Tim Miller,"Rhett Reese, Paul Wernick","Ryan Reynolds, Karan Soni, Ed Skrein, Michael Benyaer, Stefan Kapicic, Brianna Hildebrand, Style Dayne, Kyle Cassie, Taylor Hickson, Ayzee, Naika Toussaint, Randal Reeder, T.J. Miller, Isaac C. Singleton Jr., Morena Baccarin, Justyn Shippelt, Donna Yamamoto, Jed Rees, Hugh Scott, Gina Carano, Cindy Piper, Em Haine, Aatash Amir, Chad Riley, Paul Belsito, Darcey Johnson, Leslie Uggams, Kyle Rideout, Jason William Day, Stan Lee, Ben Wilkinson, Rachel Sheen, Paul Lazenby, Rob Hayter, Kayla Adams, Brad Archie, Colleen Bradford, Heather Ashley Chase, Fabiola Colmenero, Victoria De Mare, John Dryden, Jesse Michael Fullington, David Hardware, Matthew Hoglie, Tony Chris Kazoleas, Greg LaSalle, Rob Liefeld, David Longworth, Michael Neumeyer, Sean Quan, Anthony J Sacco, David Santana, Olesia Shewchuk, Bronwyne Sloley, Dan Zachary",Junkie XL,"A wisecracking mercenary gets experimented on and becomes immortal but ugly, and sets out to track down the man who ruined his looks.::Bill Smith","This is the origin story of former Special Forces operative turned mercenary Wade Wilson, who after being subjected to a rogue experiment that leaves him with accelerated healing powers, adopts the alter ego Deadpool. Armed with his new abilities and a dark, twisted sense of humor, Deadpool hunts down the man who nearly destroyed his life.","https://m.media-amazon.com/images/M/MV5BYzE5MjY1ZDgtMTkyNC00MTMyLThhMjAtZGI5OTE1NzFlZGJjXkEyXkFqcGdeQXVyNjU0OTQ0OTY@._V1_SX101_CR0,0,101,150_.jpg",https://m.media-amazon.com/images/M/MV5BYzE5MjY1ZDgtMTkyNC00MTMyLThhMjAtZGI5OTE1NzFlZGJjXkEyXkFqcGdeQXVyNjU0OTQ0OTY@.jpg,"Opening Weekend United States - $132,434,639, 14 Feb 2016, Cumulative Worldwide Gross - $783,112,979, Budget - $58,000,000 (estimated)"
Inception,2010,Action|Adventure|Sci-Fi|Thriller,"English, Japanese, French",148,8.8,1931251,Christopher Nolan,Christopher Nolan,"Leonardo DiCaprio, Joseph Gordon-Levitt, Ellen Page, Tom Hardy, Ken Watanabe, Dileep Rao, Cillian Murphy, Tom Berenger, Marion Cotillard, Pete Postlethwaite, Michael Caine, Lukas Haas, Tai-Li Lee, Claire Geare, Magnus Nolan, Taylor Geare, Johnathan Geare, Tohoru Masamune, Yuji Okumoto, Earl Cameron, Ryan Hayward, Miranda Nolan, Russ Fega, Tim Kelleher, Talulah Riley, Nicolas Clerc, Coralie Dedykere, Silvie Laguna, Virgile Bramly, Jean-Michel Dagory, Helena Cullinan, Mark Fleischmann, Shelley Lang, Adam Cole, Jack Murray, Kraig Thornber, Angela Nathenson, Natasha Beaumont, Marc Raducci, Carl Gilliard, Jill Maddrell, Alex Lombard, Nicole Pulliam, Peter Basham, Michael Gaston, Felix Scott, Andrew Pleavin, Lisa Reynolds, Jason Tendell, Jack Gilroy, Shannon Welles, Michael August, Ken Bahn, Hélène Cardona, John Ceallach, Jack Conte, Garvin Cross, James Currie, Youlanda Davis, Julie Eagleton, Seve Esposito, Marcus Everett, Zachary Christopher Fay, Daniel Girondeaud, Natalie Goldwin, Andrew Hoagland, Guy Iannacone, Marguerite Gioia Insolia, Charles Jarrell, Seong-hwan Jo, Alonzo F. Jones, Mobin Khan, Shunsaku Kudô, Leticia LaBelle, John Lawson, Jean-Christophe Leger, Arnold Montey, François-Marie Nivon, Scott Pretty, Steven Quale, Benjamin Riley, Norman Saleet, Colin Smith, Affan Tareen",Hans Zimmer,A thief who steals corporate secrets through the use of dream-sharing technology is given the inverse task of planting an idea into the mind of a C.E.O.::ahmetkozan,"Dom Cobb is a skilled thief, the absolute best in the dangerous art of extraction, stealing valuable secrets from deep within the subconscious during the dream state, when the mind is at its most vulnerable. Cobb's rare ability has made him a coveted player in this treacherous new world of corporate espionage, but it has also made him an international fugitive and cost him everything he has ever loved. Now Cobb is being offered a chance at redemption. One last job could give him his life back but only if he can accomplish the impossible, inception. Instead of the perfect heist, Cobb and his team of specialists have to pull off the reverse: their task is not to steal an idea, but to plant one. If they succeed, it could be the perfect crime. But no amount of careful planning or expertise can prepare the team for the dangerous enemy that seems to predict their every move. An enemy that only Cobb could have seen coming.","https://m.media-amazon.com/images/M/MV5BMjAxMzY3NjcxNF5BMl5BanBnXkFtZTcwNTI5OTM0Mw@@._V1_SY150_CR0,0,101,150_.jpg",https://m.media-amazon.com/images/M/MV5BMjAxMzY3NjcxNF5BMl5BanBnXkFtZTcwNTI5OTM0Mw@@.jpg,"Budget - $160,000,000 (estimated), Opening Weekend United States - $62,785,337, 18 Jul 2010, Cumulative Worldwide Gross - $825,532,764, 06 Jan 2011"
Interstellar,2014,Adventure|Drama|Sci-Fi,English,169,8.6,1384235,Christopher Nolan,"Jonathan Nolan, Christopher Nolan","Ellen Burstyn, Matthew McConaughey, Mackenzie Foy, John Lithgow, Timothée Chalamet, David Oyelowo, Collette Wolfe, Francis X. McCarthy, Bill Irwin, Anne Hathaway, Andrew Borba, Wes Bentley, William Devane, Michael Caine, David Gyasi, Josh Stewart, Casey Affleck, Leah Cairns, Jessica Chastain, William Dickinson, Topher Grace, Matt Damon, Flora Nolan, Griffen Fraser, Jeff Hephner, Lena Georgas, Elyes Gabel, Brooke Smith, Russ Fega, William Patrick Brown, Cici Leah Campbell, Mark Casimir Dyniewicz Jr., Troy Fyhn, Benjamin Hardy, Alexander Michael Helisek, Ryan Irving, Alexander Lu, Derek McEntire, Joseph Oliveira, Benjamin Pitz, Marlon Sanders, Bryan Stamp, Kristian Van der Heyden, Kevan Weber",Hans Zimmer,A team of explorers travel through a wormhole in space in an attempt to ensure humanity's survival.::Anonymous,"Earth's future has been riddled by disasters, famines, and droughts. There is only one way to ensure mankind's survival: Interstellar travel. A newly discovered wormhole in the far reaches of our solar system allows a team of astronauts to go where no man has gone before, a planet that may have the right environment to sustain human life.","https://m.media-amazon.com/images/M/MV5BZjdkOTU3MDktN2IxOS00OGEyLWFmMjktY2FiMmZkNWIyODZiXkEyXkFqcGdeQXVyMTMxODk2OTU@._V1_SY150_CR0,0,101,150_.jpg",https://m.media-amazon.com/images/M/MV5BZjdkOTU3MDktN2IxOS00OGEyLWFmMjktY2FiMmZkNWIyODZiXkEyXkFqcGdeQXVyMTMxODk2OTU@.jpg,"Cumulative Worldwide Gross - $675,020,017, Opening Weekend United States - $47,510,360, 05 Nov 2014, Budget - $165,000,000 (estimated)"
The Matrix,1999,Action|Sci-Fi,English,136,8.7,1584764,"Lana Wachowski, Lilly Wachowski","Lilly Wachowski, Lana Wachowski","Keanu Reeves, Laurence Fishburne, Carrie-Anne Moss, Hugo Weaving, Gloria Foster, Joe Pantoliano, Marcus Chong, Julian Arahanga, Matt Doran, Belinda McClory, Anthony Ray Parker, Paul Goddard, Robert Taylor, David Aston, Marc Aden Gray, Ada Nicodemou, Deni Gordon, Rowan Witt, Eleanor Witt, Tamara Brown, Janaya Pender, Adryn White, Natalie Tjen, Bill Young, David O'Connor, Jeremy Ball, Fiona Johnson, Harry Lawrence, Steve Dodd, Luke Quinton, Lawrence Woodward, Michael Butcher, Bernard Ledger, Robert Simper, Chris Pattinson, Nigel Harbach, Mike Duncan, Nash Edgerton, Rana Morrison, Steve Rutherford",Don Davis,A computer hacker learns from mysterious rebels about the true nature of his reality and his role in the war against its controllers.::Kenneth Chisholm,"Thomas A. Anderson is a man living two lives. By day he is an average computer programmer and by night a hacker known as Neo. Neo has always questioned his reality, but the truth is far beyond his imagination. Neo finds himself targeted by the police when he is contacted by Morpheus, a legendary computer hacker branded a terrorist by the government. Morpheus awakens Neo to the real world, a ravaged wasteland where most of humanity have been captured by a race of machines that live off of the humans' body heat and electrochemical energy and who imprison their minds within an artificial reality known as the Matrix. As a rebel against the machines, Neo must return to the Matrix and confront the agents: super-powerful computer programs devoted to snuffing out Neo and the entire human rebellion.","https://m.media-amazon.com/images/M/MV5BNzQzOTk3OTAtNDQ0Zi00ZTVkLWI0MTEtMDllZjNkYzNjNTc4L2ltYWdlXkEyXkFqcGdeQXVyNjU0OTQ0OTY@._V1_SX101_CR0,0,101,150_.jpg",https://m.media-amazon.com/images/M/MV5BNzQzOTk3OTAtNDQ0Zi00ZTVkLWI0MTEtMDllZjNkYzNjNTc4L2ltYWdlXkEyXkFqcGdeQXVyNjU0OTQ0OTY@.jpg,"Budget - $63,000,000 (estimated), Opening Weekend United States - $27,788,331, 04 Apr 1999, Cumulative Worldwide Gross - $463,517,383"
Avatar,2009,Action|Adventure|Fantasy|Sci-Fi,"English, Spanish",162,7.8,1081245,James Cameron,James Cameron,"Sam Worthington, Zoe Saldana, Sigourney Weaver, Stephen Lang, Michelle Rodriguez, Giovanni Ribisi, Joel David Moore, CCH Pounder, Wes Studi, Laz Alonso, Dileep Rao, Matt Gerald, Sean Anthony Moran, Jason Whyte, Scott Lawrence, Kelly Kilgour, James Patrick Pitt, Sean Patrick Murphy, Peter Dillon, Kevin Dorman, Kelson Henderson, David Van Horn, Jacob Tomuri, Michael Blain-Rozgay, Jon Curry, Julene Renee, Luke Hawker, Woody Schultz, Peter Mensah, Sonia Yee, Jahnel Curfman, Ilram Choi, Kyla Warren, Lisa Roumain, Debra Wilson, Taylor Kibby, Jodie Landau, Chris Mala, Julie Lamm, Cullen B. Madden, Joseph Brady Madden, Frankie Torres, Austin Wilson, Sara Wilson, Tamica Washington-Miller, Lucy Briant, Nathan Meister, Gerry Blair, Matthew Chamberlain, Paul Yates, Wray Wilson, James Gaylyn, Melvin Leno Clark III, Carvon Futrell, Brandon Jelkes, Micah Moch, Hanniyah Muhammad, Christopher Nolen, Christa Oliver, April Marie Thomas, Bravita A. Threatt, Lasco Atkins, Eoin Bates, Colin Bleasdale, Mike Bodnar, Robert Catto, Matt Clayton, Hamish Denston, Nicole Dionne, Mia Dodson, Joshua Farcone, Jamie Harrison, Allan Henry, Jessica J. Immanuel, Anthony Ingruber, Ashley Jeffery, Dean Knowsley, Tim Mansell, Wiebe Marinus, Joseph Mika-Hunt, Terry Notary, Ken Ohara, Kai Pantano, Logan Pithyou, Luis G. Portillo, Raja, Gareth Ruck, David Sampen, Rhian Sheehan, Tim Simpson, T.J. Storm, Jodie Taylor, Alicia Vela-Bailey, Richard Whiteside, Nikie Zambo",James Horner,A paraplegic Marine dispatched to the moon Pandora on a unique mission becomes torn between following his orders and protecting the world he feels is his home.,"When his brother is killed in a robbery, paraplegic Marine Jake Sully decides to take his place in a mission on the distant world of Pandora. There he learns of greedy corporate figurehead Parker Selfridge's intentions of driving off the native humanoid ""Na'vi"" in order to mine for the precious material scattered throughout their rich woodland. In exchange for the spinal surgery that will fix his legs, Jake gathers knowledge, of the Indigenous Race and their Culture, for the cooperating military unit spearheaded by gung-ho Colonel Quaritch, while simultaneously attempting to infiltrate the Na'vi people with the use of an ""avatar"" identity. While Jake begins to bond with the native tribe and quickly falls in love with the beautiful alien Neytiri, the restless Colonel moves forward with his ruthless extermination tactics, forcing the soldier to take a stand - and fight back in an epic battle for the fate of Pandora.","https://m.media-amazon.com/images/M/MV5BMTYwOTEwNjAzMl5BMl5BanBnXkFtZTcwODc5MTUwMw@@._V1_SY150_CR0,0,101,150_.jpg",https://m.media-amazon.com/images/M/MV5BMTYwOTEwNjAzMl5BMl5BanBnXkFtZTcwODc5MTUwMw@@.jpg,"Opening Weekend United States - $77,025,481, 20 Dec 2009, Budget - $237,000,000 (estimated), Cumulative Worldwide Gross - $2,789,679,794, 21 Jul 2019"
Fantastic Beasts and Where to Find Them,2016,Adventure|Family|Fantasy,"English, Khmer",132,7.3,386341,David Yates,J.K. Rowling,"Eddie Redmayne, Sam Redford, Scott Goldman, Tim Bentinck, Tristan Tait, Colin Farrell, Tom Clarke Hill, Matthew Sim, Katherine Waterston, Samantha Morton, Dan Fogler, Ezra Miller, Faith Wood-Blagrove, Jenn Murray, Cory Peterson, Lucie Pohl, Peter Breitmayer, Jake Samuels, Max Cazier, Dan Hedaya, Christy Meyer, Carmen Ejogo, Guy Paul, Andreea Paduraru, Walles Hamonde, Dominique Tipper, Kevin Guthrie, Leo Heller, Miles Roughley, Anne Wittman, Erick Hayden, Paul Birchard, Ronan Raftery, Tom Hodgkins, Jon Voight, Josh Cowdery, Ellie Haddington, Alison Sudol, Joseph Macnab, Bart Edwards, Todd Boyce, Martin Oelbermann, Gemma Chan, Richard Clothier, Christian Dixon, Akin Gazi, Rich Hardesty, Elizabeth Moynihan, Miquel Brown, Wunmi Mosaku, Cristian Solimeno, Matthew Wilson, Brian F. Mulvey, Aretha Ayeh, Emmi, Ron Perlman, Nicholas McGaughey, Sean Cronin, Zoë Kravitz, Arinzé Kene, Jane Perry, Johnny Depp, Bash Dinsmore, Abi Adeyemi, Andrea Allan, Reid Anderson, Uchenna Aniedu, Aileen Archer, Robert-Anthony Artlett, Stephanie Aspin, Lee Asquith-Coe, Lasco Atkins, Lidia Ballhatchet, Michael Barron, Roy Beck, Marc Benanti, Nathan Benham, Paul Bergquist, Laura Bernardeschi, Helen Birdno, David J Biscoe, Ellie Blackwell, Lee Bolton, Annarie Boor, Martin Bratanov, Neil Broome, Greg Brummel, Chloe de Burgh, Douglas Byrne, Fanny Carbonnel, Patrick Carney Junior, David Charles-Cully, Georgia Clarke-Day, Stacey Clegg, Eric Coco, Clive Coen, Maurisa Selene Coleman, Bern Collaço, Anthony Collier, Chloe Collingwood, Claire Cooper-King, Armin Coralic, Carmen Cowell, Silvia Crastan, Tom Dab, Craig Davies, Nick Davison, Michael Deighton, Paul Dewdney, Rudi Dharmalingam, Joshua Diffley, Nick Donald, Richard Douglas, Henry Douthwaite, Terence Drew, Michael Thomas Duggan, Shelly Dulieu, Chris Eccles, Stephanie Eccles, Linda Ekman, Ramzy El Huraiby, Thomas Eros, Karl Farrer, Dino Fazzani, Flor Ferraco, Marketa Flynn, Mary Fogg, Lobna Futers, Michael Gabbitas, Salo Gardner, Fatah Ghedi, Leigh Gill, David Goodson, Diana Govina, Kirsty Grace, Rudy Valentino Grant, Charlene Griffith, Chris Groundsell, Yordanka Gugusheva, Guna Gultniece, Tao Guo, Lae Gutierrez, Natalie Harrison, Rosemarie Harrison, Robin Harvey, Gayle Hilton, Hugh Holman, Abigayle Honeywill, Luke Hope, Ruth Horrocks, Kornelia Horvath, Finley Howard, Ashley Hudson, Alan Wyn Hughes, Alex Jaep, Ian Jenkins, Bryn Jones, Lampros Kalfuntzos, Jagoda Kamov, Gjevat Kelmendi, Attila G. Kerekes, Simon Kerrison, Denis Khoroshko, Cinta Laura Kiehl, Jefferson King, Joelle Koissi, Cristian Lazar, Adam Lazarus, Cole Leman, Kamil Lemieszewski, Jorge Leon Martinez, Mickey Lewis, Adam Lezemore, Dom Lister, Keith Lomas, Paul Low-Hang, Clive Lyons, Khristopher MacLeod, Jim Maidment, Joe Malone, Anthony Maloney, Alan Mandel, Christopher Marsh, Benjamin Martin, Christine Marzano, Martyn Mayger, Robert McLanachan, Pete Meads, Andy Mihalache, Arnold Montey, James M.L. Muller, Paul A Munday, John Murray, Vadim Nicolaou, Irina Nour, Dennis O'Donnell, Yves O'Hara, Andrew G. Ogleby, Remi Osborne, Edd Osmond, Nick Owenford, Michael Owusu, Tony Pankhurst, Sascha Panknin, Andrew Parker, Rico Pass, Gino Picciano, James Pimenta, Antonio Piras, Daniel Ponomari, Richard Price, Justified Prince, Reece Putinas, Olivia Quinn, Paul Redfern, Jason Redshaw, Eddie Register, Tineke Ann Robson, Anthony Rogers, Peter Ryder, Bernardo Santos, Conor Short, Dave Simon, Judy Kendrick Simonsen, Daniel Smales, Scott Stevenson, Ryan Storey, Adam Broomfield Strawn, Connor Sullivan, Camilla Talarowska, Fran Targ, Jennifer Ellen Taylor, Mitch Thornton, Daniela Tlumacova, Dan Trotter, Vassiliki Tzanakou, Fabio Vassallo, Geeta Vij, Kevin Vose, Rob Vowles, Mahala Wallace, Morgan Walters, Tremayne Watson, Dean Weir, Tony Paul West, Anick Wiget, Chris Wilson, Kevin Winkley, Christie Wright, Ricky Zalman, Miroslav Zaruba, Dominic Zwemmer",James Newton Howard,The adventures of writer Newt Scamander in New York's secret community of witches and wizards seventy years before Harry Potter reads his book in school.,"In mid-20s New York, Newt Scamander, the British young activist wizard, arrives in town, holding a mysterious leather suitcase which shelters a wide array of diverse and magical creatures that exist among us. Amid an already fragile equilibrium of secrecy, and the increasing disasters ascribed to the dark wizard, Gellert Grindelwald, Newt's precious suitcase will be lost--and to make matters worse--several creatures will manage to escape. Before long, this situation will catch Senior Auror Percival Graves' attention who will target Newt, in the background of an invisible, devastating, and utterly unpredictable menace that still wreaks havoc on 5th Avenue. In the end, is there a hidden agenda behind Graves' intentions; moreover, what will happen to the remaining fantastic beasts still loose in the streets?","https://m.media-amazon.com/images/M/MV5BMjMxOTM1OTI4MV5BMl5BanBnXkFtZTgwODE5OTYxMDI@._V1_SY150_CR0,0,101,150_.jpg",https://m.media-amazon.com/images/M/MV5BMjMxOTM1OTI4MV5BMl5BanBnXkFtZTgwODE5OTYxMDI@.jpg,"Cumulative Worldwide Gross - $814,037,575, Budget - $180,000,000 (estimated)"
Passengers,2016,Drama|Romance|Sci-Fi|Thriller,"English, Spanish, Japanese, French",116,7.0,328388,Morten Tyldum,Jon Spaihts,"Jennifer Lawrence, Chris Pratt, Michael Sheen, Laurence Fishburne, Andy Garcia, Vince Foster, Kara Flowers, Conor Brophy, Julee Cerda, Aurora Perrineau, Lauren Farmer, Emerald Mayne, Kristin Brock, Tom Ferrari, Quansae Rutledge, Desmond Reid, Emma Clarke, Chris Edgerly, Fred Melamed, Matt Corboy, Zeus Mendoza, Alpha Takahashi, Matthew Wolf, Jean-Michel Richaud, Jon Spaihts, Curtis Grecco, Joy Spears, Kimberly Battista, Nazanin Boniadi, Marie Burke, Lindsey Elizabeth, Ana Gray, Kenneth Jones, Inder Kumar, Stephen M. LaBar Jr., Ashley Lambert, Robert Larriviere, Andrew S. McMillan, Shelby Taylor Mullins, Jeff Olsen, Kelli Pardo, Kayla Radomski, Jamie Soricelli, Ivana Vitomir",Thomas Newman,"A spacecraft traveling to a distant colony planet and transporting thousands of people has a malfunction in its sleep chambers. As a result, two passengers are awakened 90 years early.::Sony Pictures Entertainment","The spaceship, Starship Avalon, in its 120-year voyage to a distant colony planet known as the ""Homestead Colony"" and transporting 5,258 people has a malfunction in one of its sleep chambers. As a result one hibernation pod opens prematurely and the one person that awakes, Jim Preston (Chris Pratt) is stranded on the spaceship, still 90 years from his destination.","https://m.media-amazon.com/images/M/MV5BZjk4ZTMwMTYtOTk1NC00OTA0LWFhMGYtZTBjMzViMDY2YWZjXkEyXkFqcGdeQXVyMTMxODk2OTU@._V1_SY150_CR0,0,101,150_.jpg",https://m.media-amazon.com/images/M/MV5BZjk4ZTMwMTYtOTk1NC00OTA0LWFhMGYtZTBjMzViMDY2YWZjXkEyXkFqcGdeQXVyMTMxODk2OTU@.jpg,"Cumulative Worldwide Gross - $303,144,152, Opening Weekend United States - $14,869,736, 25 Dec 2016, Budget - $110,000,000 (estimated)"
John Wick,2014,Action|Crime|Thriller,"English, Russian, Hungarian",101,7.4,498883,"Chad Stahelski, David Leitch",Derek Kolstad,"Keanu Reeves, Michael Nyqvist, Alfie Allen, Willem Dafoe, Dean Winters, Adrianne Palicki, Omer Barnea, Toby Leonard Moore, Daniel Bernhardt, Bridget Moynahan, John Leguizamo, Ian McShane, Bridget Regan, Lance Reddick, Keith Jardine, Tait Fletcher, Kazy Tauginas, Alexander Frekey, Thomas Sadoski, Randall Duk Kim, David Patrick Kelly, Clarke Peters, Kevin Nash, Gameela Wright, Vladislav Koulikov, Munro M. Bonnell, Patricia Squire, Vladimir Troitsky, Stefan Ackermann, Joseph K. Bevilacqua, Carolyn Blair, William Andrew Brewer, Kenneth Carrella, Chris Chasey, Samantha Crawford, Gioianna DiGiorgio, Johnny DiGiorgio, David Douglas, Annoula Dritsas, Thayr Harris, Nadia Kay, Dennis Keiffer, Natalia Kiriya, Ilan Krigsfeld, Mack Kuhr, Luke Lesko, Erik Martin, Meghan Mazurczyk, Yana Milanberg, Julian Mileta, Roman Mitichyan, Inna Muratova, Karen Nazarov, Joseph Oliveira, Luc Owono, Matt Parker, Andrew Paterini, Charles Pendelton, Brian James Pepe, J.J. Perry, Jennifer Pientka, Elizabeth Saint, Lysane Sanchez, Courtney Sanello, George Schroeder, Paugh Shadow, DiFenni Shi, Marija Skangale, Polina Strelkova, Tuna Tekeli, Manolo Tenes, Scott Tixier, Uzimann, Arthur Vint, Sam Yazbeck, Zenon Zeleniuch, Alex Ziwak",Tyler Bates,An ex-hit-man comes out of retirement to track down the gangsters that killed his dog and took everything from him.::ahmetkozan,"With the untimely death of his beloved wife still bitter in his mouth, John Wick, the expert former assassin, receives one final gift from her--a precious keepsake to help John find a new meaning in life now that she is gone. But when the arrogant Russian mob prince, Iosef Tarasov, and his men pay Wick a rather unwelcome visit to rob him of his prized 1969 Mustang and his wife's present, the legendary hitman will be forced to unearth his meticulously concealed identity. Blind with revenge, John will immediately unleash a carefully orchestrated maelstrom of destruction against the sophisticated kingpin, Viggo Tarasov, and his family, who are fully aware of his lethal capacity. Now, only blood can quench the boogeyman's thirst for retribution.","https://m.media-amazon.com/images/M/MV5BMTU2NjA1ODgzMF5BMl5BanBnXkFtZTgwMTM2MTI4MjE@._V1_SX101_CR0,0,101,150_.jpg",https://m.media-amazon.com/images/M/MV5BMTU2NjA1ODgzMF5BMl5BanBnXkFtZTgwMTM2MTI4MjE@.jpg,"Cumulative Worldwide Gross - $130,888,901, Budget - $20,000,000 (estimated), Opening Weekend United States - $14,415,922, 13 Jan 2015"
Mad Max: Fury Road,2015,Action|Adventure|Sci-Fi|Thriller,"English, Russian",120,8.1,824209,George Miller,"George Miller, Brendan McCarthy, Nick Lathouris","Tom Hardy, Charlize Theron, Nicholas Hoult, Hugh Keays-Byrne, Josh Helman, Nathan Jones, Zoë Kravitz, Rosie Huntington-Whiteley, Riley Keough, Abbey Lee, Courtney Eaton, John Howard, Richard Carter, Iota, Angus Sampson, Jennifer Hagan, Megan Gale, Melissa Jaffer, Melita Jurisic, Gillian Jones, Joy Smithers, Antoinette Kellermann, Christina Koch, Jon Iles, Quentin Kenihan, Coco Jack Gillies, Chris Patton, Stephen Dunlevy, Richard Norton, Vincent Roxburgh, John Walton, Ben Smith-Petersen, Russ McCarroll, Judd Wild, Elizabeth Cunico, Greg van Borssum, Robert Jones, Sebastian Dickins, Darren Andrew Mitchell, Crusoe Kurddal, Shyan Tonga, Cass Cumerford, Albert Lee, Riley Paton, Ripley Voeten, Macyn Van Borssum, Hunter Stratton Boland, Nathan Jenkins, Fletcher Gill, Whiley Toll, Ferdinand Hengombe, Gadaffi Davsab, Noddy Alfred, Jackson Hengombe, Christian Fane, Callum Gallagher, Abel Hofflin, Lee Perry, Debra Ades, Toby Ayers, Rhavin Banda, Karl Heinz Barr, Alison Benstead, Craig Bourke, Nerida Bronwen, Will C., Hélène Cardona, Jeremy Costello, Sandi Finlay, Gareth Hamilton-Foster, Dawn Hogan, Georgia Jarrett, Hiroshi Kasuga, Jack Kelly, Ryan Madden, Shuhei Ogawa, Benjamin W Sullivan, Vanessa Summerfield, Yassica Switakowski, Leanne Michelle Watson",Junkie XL,"In a post-apocalyptic wasteland, a woman rebels against a tyrannical ruler in search for her homeland with the aid of a group of female prisoners, a psychotic worshiper, and a drifter named Max.::Matthew Trahan","An apocalyptic story set in the furthest reaches of our planet, in a stark desert landscape where humanity is broken, and almost everyone is crazed fighting for the necessities of life. Within this world exist two rebels on the run who just might be able to restore order. There's Max, a man of action and a man of few words, who seeks peace of mind following the loss of his wife and child in the aftermath of the chaos. And Furiosa, a woman of action and a woman who believes her path to survival may be achieved if she can make it across the desert back to her childhood homeland.","https://m.media-amazon.com/images/M/MV5BN2EwM2I5OWMtMGQyMi00Zjg1LWJkNTctZTdjYTA4OGUwZjMyXkEyXkFqcGdeQXVyMTMxODk2OTU@._V1_SY150_CR0,0,101,150_.jpg",https://m.media-amazon.com/images/M/MV5BN2EwM2I5OWMtMGQyMi00Zjg1LWJkNTctZTdjYTA4OGUwZjMyXkEyXkFqcGdeQXVyMTMxODk2OTU@.jpg,"Budget - $150,000,000 (estimated), Cumulative Worldwide Gross - $378,436,354"
Django Unchained,2012,Drama|Western,"English, German, French, Italian",165,8.4,1275159,Quentin Tarantino,Quentin Tarantino,"Jamie Foxx, Christoph Waltz, Leonardo DiCaprio, Kerry Washington, Samuel L. Jackson, Walton Goggins, Dennis Christopher, James Remar, David Steen, Dana Gourrier, Nichole Galicia, Laura Cayouette, Ato Essandoh, Sammi Rotibi, Clay Donahue Fontenot, Escalante Lundy, Miriam F. Glover, Don Johnson, Franco Nero, James Russo, Tom Wopat, Don Stroud, Russ Tamblyn, Amber Tamblyn, Bruce Dern, M.C. Gainey, Cooper Huckabee, Doc Duhame, Jonah Hill, Lee Horsley, Zoë Bell, Michael Bowen, Robert Carradine, Jake Garber, Ted Neeley, James Parks, Tom Savini, Michael Parks, John Jarratt, Quentin Tarantino, Amari Cheatom, Keith Jefferson, Marcus Henderson, Lil Chuuch, Kinetic, Louise Stratten, Kim Robillard, Shana Stein, Shannon Hazlett, Jack Lucarelli, Victoria Thomas, Grace Collins, Sharon Pierre-Louis, Christopher Berry, Kim Collins, Dane Rhodes, J.D. Evermore, Rex Linn, Michael Bacall, Ronan Hice, Ned Bellamy, Dave Coennen, Danièle Watts, Jon Eyez, Omar J. Dorsey, Evan Parke, Craig Stark, Brian Brown, Ritchie Montgomery, Nicholas Dashnaw, Jarrod Bunch, Edrick Browne, Kerry Sims, Jamal Duff, Todd Allen, Lewis Smith, Keniaryn Mitchell, Jakel Marshall, Carl Singleton, Ashley Toman, John McConnell, Dudley Fuqua, Augustine Alvarez, Mark Amos, Monica Rene'e Anderson, Carl Bailey, Seth Bailey, David G. Baker, Leianna Seals Bell, John R. Bennett II, Will Blagrove, Marsha Stephanie Blake, Kesha Bullard, Valencia Christina, Edward J. Clare, Takara Clark, Ross P. Cook, Jordon Michael Corbin, Mike DeMille, Santana Draper, Kimberley Drummond, Khadijah Forte, Gregory Allen Gabroy, Gary Grubbs, Justin Dwayne Hall, Gene Kevin Hames Jr., Ryan Happy, Bill Heintz, Jacquelyn Twodat Jackson, Tenaj L. Jackson, Kasey James, Ashlee Nicole Jordan, Tai Kendrick, Richie J. Ladner, Catherine Lambert, Skipper Landry, Elton LeBlanc, Sandra Linz, Cindy Mah, Arnold Montey, Chuck Murphy, Ceociea Naomi, Brianna Oppenheimer, Johnny Otto, Kel Owens, Belinda Owino, Matthew Parrott, Erin Pickett, Timothy Pickles, Tom Proctor, Aleeah Rogers, Kay Smith, Samantha Smith, Fatimah Taliah, Tristan Tierce, LaTeace Towns-Cuellar, Mark Ulano, Misty Upham, Glen Warner, Rashia Whitlock, Tadasay Young, Ronnie Zappa",-,"With the help of a German bounty hunter, a freed slave sets out to rescue his wife from a brutal Mississippi plantation owner.::Anonymous and Brian McInnis","In 1858, a bounty hunter named Schultz seeks out a slave named Django and buys him because he needs him to find some men he is looking for. After finding them, Django wants to find his wife, Broomhilda, who along with him were sold separately by his former owner for trying to escape. Schultz offers to help him if he chooses to stay with him and be his partner. Eventually they learn that she was sold to a plantation in Mississippi. Knowing they can't just go in and say they want her, they come up with a plan so that the owner will welcome them into his home and they can find a way.","https://m.media-amazon.com/images/M/MV5BMjIyNTQ5NjQ1OV5BMl5BanBnXkFtZTcwODg1MDU4OA@@._V1_SY150_CR0,0,101,150_.jpg",https://m.media-amazon.com/images/M/MV5BMjIyNTQ5NjQ1OV5BMl5BanBnXkFtZTcwODg1MDU4OA@@.jpg,"Cumulative Worldwide Gross - $425,368,238, Budget - $100,000,000 (estimated), Opening Weekend United States - $30,688,000, 30 Dec 2012"
Star Wars: Episode IV - A New Hope,1977,Action|Adventure|Fantasy|Sci-Fi,English,121,8.6,1176387,George Lucas,George Lucas,"Mark Hamill, Harrison Ford, Carrie Fisher, Peter Cushing, Alec Guinness, Anthony Daniels, Kenny Baker, Peter Mayhew, David Prowse, Phil Brown, Shelagh Fraser, Jack Purvis, Alex McCrindle, Eddie Byrne, Drewe Henley, Denis Lawson, Garrick Hagon, Jack Klaff, William Hootkins, Angus MacInnes, Jeremy Sinden, Graham Ashley, Don Henderson, Richard LeParmentier, Leslie Schofield, David Ankrum, Mark Anthony Austin, Scott Beach, Lightning Bear, Jon Berg, Doug Beswick, Paul Blake, Janice Burchette, Ted Burnett, John Chapman, Gilda Cohen, Tim Condren, Barry Copping, Alfie Curtis, Robert Davies, Maria De Aragon, Robert A. Denham, Frazer Diamond, Peter Diamond, Warwick Diamond, Sadie Eden, Kim Falkinburg, Harry Fielder, Anthony Forrest, Ted Gagliano, Salo Gardner, Steve Gawley, Barry Gnome, Rusty Goffe, Isaac Grand, Nelson Hall, Reg Harding, Alan Harris, Frank Henson, Christine Hewett, Tiffany Hillkurtz, Arthur Howell, Tommy Ilsley, Joe Johnston, Annette Jones, James Earl Jones, Linda Jones, Joe Kaye, Colin Michael Kitchens, Melissa Kurtz, Al Lampert, Laine Liska, Derek Lyons, Mahjoub, Alf Mangan, Rick McCallum, Grant McCune, Geoffrey Moon, Mandy Morton, Lorne Peterson, Marcus Powell, Shane Rimmer, Pam Rose, George Roubicek, Erica Simmons, Angela Staines, George Stock, Roy Straite, Peter Sturgeon, Peter Sumner, John Sylla, Tom Sylla, Malcolm Tierney, Phil Tippett, Frances Alfred Basil Tomlin, Burnell Tucker, Morgan Upton, Jerry Walter, Hal Wamsley, Larry Ward, Diana Sadley Way, Harold Weed, Bill Weston, Steve 'Spaz' Williams, Fred Wood",John Williams,"Luke Skywalker joins forces with a Jedi Knight, a cocky pilot, a Wookiee and two droids to save the galaxy from the Empire's world-destroying battle station, while also attempting to rescue Princess Leia from the mysterious Darth Vader.::Trance","The Imperial Forces, under orders from cruel Darth Vader, hold Princess Leia hostage in their efforts to quell the rebellion against the Galactic Empire. Luke Skywalker and Han Solo, captain of the Millennium Falcon, work together with the companionable droid duo R2-D2 and C-3PO to rescue the beautiful princess, help the Rebel Alliance and restore freedom and justice to the Galaxy.","https://m.media-amazon.com/images/M/MV5BNzVlY2MwMjktM2E4OS00Y2Y3LWE3ZjctYzhkZGM3YzA1ZWM2XkEyXkFqcGdeQXVyNzkwMjQ5NzM@._V1_SX101_CR0,0,101,150_.jpg",https://m.media-amazon.com/images/M/MV5BNzVlY2MwMjktM2E4OS00Y2Y3LWE3ZjctYzhkZGM3YzA1ZWM2XkEyXkFqcGdeQXVyNzkwMjQ5NzM@.jpg,"Budget - $11,000,000 (estimated), Cumulative Worldwide Gross - $775,398,007, 25 Nov 2011, Opening Weekend United States - $35,906,661, 02 Feb 1997"
Get Out,2017,Horror|Mystery|Thriller,English,104,7.7,447964,Jordan Peele,Jordan Peele,"Daniel Kaluuya, Allison Williams, Catherine Keener, Bradley Whitford, Caleb Landry Jones, Marcus Henderson, Betty Gabriel, LaKeith Stanfield, Stephen Root, Lil Rel Howery, Ashley LeConte Campbell, John Wilmot, Caren L. Larkey, Julie Ann Doan, Rutherford Cravens, Geraldine Singer, Yasuhiko Oyama, Richard Herd, Erika Alexander, Jeronimo Spinx, Ian Casselberry, Trey Burvant, John Donohue, Sean Paul Braud, Zailand Adams, Jana Allen, Michael Amstutz, Mark Baggs, Lyle Brocato, Avery Frawley, Jamie Gliddon, Kenneth Herrington, Keegan-Michael Key, David Lachmann, Ben Ladner, Gary Wayne Loper, Patricia Marion, Matthew McCrocklin, Arnold Montey, Jordan Peele, Evan Shafran, Brad Spiers, Jack Teague, Lory Tom Thompson Sr., Tahj Vaughans, Caiden Vaughn",Michael Abels,"A young African-American visits his white girlfriend's parents for the weekend, where his simmering uneasiness about their reception of him eventually reaches a boiling point.::David Rush","Chris and his girlfriend Rose go upstate to visit her parents for the weekend. At first, Chris reads the family's overly accommodating behavior as nervous attempts to deal with their daughter's interracial relationship, but as the weekend progresses, a series of increasingly disturbing discoveries lead him to a truth that he never could have imagined.","https://m.media-amazon.com/images/M/MV5BMjUxMDQwNjcyNl5BMl5BanBnXkFtZTgwNzcwMzc0MTI@._V1_SY150_CR0,0,101,150_.jpg",https://m.media-amazon.com/images/M/MV5BMjUxMDQwNjcyNl5BMl5BanBnXkFtZTgwNzcwMzc0MTI@.jpg,"Cumulative Worldwide Gross - $255,457,364, Budget - $5,000,000 (estimated), Opening Weekend United States - $33,377,060, 26 Feb 2017"
The Secret Life of Pets,2016,Animation|Adventure|Comedy|Family,English,87,6.5,174141,"Chris Renaud, Yarrow Cheney","Cinco Paul, Ken Daurio, Brian Lynch","Louis C.K., Eric Stonestreet, Kevin Hart, Jenny Slate, Ellie Kemper, Albert Brooks, Lake Bell, Dana Carvey, Hannibal Buress, Bobby Moynihan, Chris Renaud, Steve Coogan, Michael Beattie, Sandra Echeverría, Jaime Camil, Kiely Renaud, Bob Bergen, Jim Cummings, Brian T. Delaney, Bill Farmer, Jess Harnell, John Kassir, Danny Mann, Jason Marsden, Mona Marshall, Laraine Newman, Jan Rabson, Ken Schretzmann, Tara Strong, Jim Ward, Tyler Werrin",Alexandre Desplat,"The quiet life of a terrier named Max is upended when his owner takes in Duke, a stray whom Max instantly dislikes.","In a Manhattan apartment building, Max's life as a favorite pet is turned upside-down, when his owner brings home sloppy mongrel Duke. They must put their quarrels aside when they learn that adorable white bunny Snowball is building an army of lost pets determined to wreak revenge.","https://m.media-amazon.com/images/M/MV5BMjIzMzA1OTkzNV5BMl5BanBnXkFtZTgwODE3MjM4NzE@._V1_SX101_CR0,0,101,150_.jpg",https://m.media-amazon.com/images/M/MV5BMjIzMzA1OTkzNV5BMl5BanBnXkFtZTgwODE3MjM4NzE@.jpg,"Cumulative Worldwide Gross - $875,457,937, Budget - $75,000,000 (estimated), Opening Weekend United States - $104,352,905, 10 Jul 2016"
Baby Driver,2017,Action|Crime|Drama|Music|Thriller,"English, American Sign Language",113,7.6,400820,Edgar Wright,Edgar Wright,"Ansel Elgort, Jon Bernthal, Jon Hamm, Eiza González, Micah Howard, Lily James, Morgan Brown, Kevin Spacey, Morse Diggs, CJ Jones, Sky Ferreira, Lance Palmer, Hudson Meek, Viviana Chavez, Hal Whiteside, Flea, Lanny Joon, Jamie Foxx, Clay Donahue Fontenot, Brigitte Kali Canales, Patrick R. Walker, Ben VanderMey, D.R. Lewis, Big Boi, Killer Mike, Brogan Hall, Allison Gabriel, R. Marcos Taylor, Paul Williams, Joe Loya, Andy McDermott, Christopher Beanland, Andrea Frye, Tom Haynes, Russell B. Spencer, Cynne Simpson, Keith Hudson, Sidney Sewell, Thurman Sewell, Elijah Everett, Jon Spencer, Walter Hill, Wilbur Fitzgerald, Romar Bennett, Shellita Boxie, Terrance P. Carson, Jeff Chase, Marshall Choka, David Conk, Marisol Correa, Elizabeth Davidovich, Arthur Dean, Troy Faruk, Bina Forbes, Erica Frene, Bobby Hoskins, Duke Jackson, Adrienne Johnson, Leeza Jones, Chad Joyce, Maritalyn Koulebetouba, Colin Lacativa, Michael Layman, Danny Le Boyer, Connie Lee, Kenneth Manos, Trey McGriff, Andrew S. McMillan, Arnold Montey, Ryan Newton, Nathaniel Perry, Mason Pike, Brady Rogers, Patti Schellhaas, Erin Scruggs, Mark Smith, Ronald Joe Vasquez, Kent Wagner, Diego Ward, David Waters, Wes Weems, Marvin E. West, Whit Whitman, Perry Zulu Jr.",Steven Price,"After being coerced into working for a crime boss, a young getaway driver finds himself taking part in a heist doomed to fail.::Anonymous","Baby is a young and partially hearing impaired getaway driver who can make any wild move while in motion with the right track playing. It's a critical talent he needs to survive his indentured servitude to the crime boss, Doc, who values his role in his meticulously planned robberies. However, just when Baby thinks he is finally free and clear to have his own life with his new girlfriend, Debora, Doc coerces him back for another job. Now saddled with a crew of thugs too violently unstable to keep to Doc's plans, Baby finds himself and everything he cares for in terrible danger. To survive and escape the coming maelstrom, it will take all of Baby's skill, wits and daring, but even on the best track, can he make it when life is forcing him to face the music?","https://m.media-amazon.com/images/M/MV5BMjM3MjQ1MzkxNl5BMl5BanBnXkFtZTgwODk1ODgyMjI@._V1_SY150_CR0,0,101,150_.jpg",https://m.media-amazon.com/images/M/MV5BMjM3MjQ1MzkxNl5BMl5BanBnXkFtZTgwODk1ODgyMjI@.jpg,"Cumulative Worldwide Gross - $228,104,185, Budget - $34,000,000 (estimated)"
Back to the Future,1985,Adventure|Comedy|Sci-Fi,English,116,8.5,985590,Robert Zemeckis,"Robert Zemeckis, Bob Gale","Michael J. Fox, Christopher Lloyd, Lea Thompson, Crispin Glover, Thomas F. Wilson, Claudia Wells, Marc McClure, Wendie Jo Sperber, George DiCenzo, Frances Lee McCain, James Tolkan, J.J. Cohen, Casey Siemaszko, Billy Zane, Harry Waters Jr., Donald Fullilove, Lisa Freeman, Cristen Kauffman, Elsa Raven, Will Hare, Ivy Bethune, Jason Marin, Katherine Britton, Jason Hervey, Maia Brewton, Courtney Gains, Richard L. Duran, Jeff O'Haco, Johnny Green, Jamie Abbott, Norman Alden, Read Morgan, Sachi Parker, Robert Krantz, Gary Riley, Karen Petrasek, George 'Buck' Flower, Tommy Thomas, Granville 'Danny' Young, David Harold Brown, Lloyd L. Tolbert, Paul Hanson, Lee Brownfield, Robert DeLapp, Charles L. Campbell, Kiki Ebsen, Randy Feelgood, Deborah Harmon, D'Janine King-Lasky, Huey Lewis, John McCook, Richard Patrick, Tony Pope, Eric Stoltz, Ethel Sway, Tom Tangen, Arthur Tovey, Tom Willett",Alan Silvestri,"Marty McFly, a 17-year-old high school student, is accidentally sent thirty years into the past in a time-traveling DeLorean invented by his close friend, the eccentric scientist Doc Brown.::Anonymous","Marty McFly, a typical American teenager of the Eighties, is accidentally sent back to 1955 in a plutonium-powered DeLorean ""time machine"" invented by a slightly mad scientist. During his often hysterical, always amazing trip back in time, Marty must make certain his teenage parents-to-be meet and fall in love - so he can get back to the future.","https://m.media-amazon.com/images/M/MV5BZmU0M2Y1OGUtZjIxNi00ZjBkLTg1MjgtOWIyNThiZWIwYjRiXkEyXkFqcGdeQXVyMTQxNzMzNDI@._V1_SX101_CR0,0,101,150_.jpg",https://m.media-amazon.com/images/M/MV5BZmU0M2Y1OGUtZjIxNi00ZjBkLTg1MjgtOWIyNThiZWIwYjRiXkEyXkFqcGdeQXVyMTQxNzMzNDI@.jpg,"Cumulative Worldwide Gross - $381,109,762, Opening Weekend United States - $11,332,134, 07 Jul 1985, Budget - $19,000,000 (estimated)"
The Accountant,2016,Action|Crime|Drama|Thriller,"English, Indonesian, French",128,7.3,245606,Gavin O'Connor,Bill Dubuque,"Ben Affleck, Anna Kendrick, J.K. Simmons, Jon Bernthal, Jeffrey Tambor, Cynthia Addai-Robinson, John Lithgow, Jean Smart, Andy Umberger, Alison Wright, Jason Davis, Robert C. Treveiler, Mary Kraft, Seth Lee, Jake Presley, Izzy Fenech, Ron Prather, Susan Williams, Gary Basaraba, Fernando Chien, Alex Collins, Tait Fletcher, Curtis Lyons, Buster Reeves, Ron Yuan, Sheila Maddox, Malachi Malik, Gregory Alan Williams, Kelly Collins Lintz, Jason MacDonald, Victor McCay, Michael Beasley, Viviana Chavez, Greg Sproles, Alex Huynh, Jade Halley Bartlett, Joe Hardy Jr., Carrie Walrond Hood, Roman Spink, David Anthony Buglione, Rick Moose, Nick Arapoglou, Angela Davis, Johnny Giacalone, Richard Pearson, Eric Goins, David de Vries, Randall Taylor, Scott Poythress, Nicholas Martin, Samantha Janco, Joseph Levine, Cesar Mendoza, Zachary James Rukavina, Robert T. McKnight II, Angel Giuffria, Robert Kistenberg, Robert Hatch, Johnathan Blake, Jerry Cashman, Esther Cason, Jason Claspell, Anthony Collins, Daniel DiVenere, Gerald Duckworth, Daeg Faerch, Mark Falvo, Gregory Fears, Tahseen Ghauri, Jonathan Gibbons, Wesley Gordon, Keith Ham, Thayr Harris, Boualem Hassaine, Drew D. Haynes, Walter Hendrix III, Geoffrey Howard, Kimberly Hester Huffstetler, Scott Hunter, Alphonso A'Qen-Aten Jackson, Duke Jackson, Dennis Keiffer, Noah Hudson Killingbeck, Inder Kumar, Scott Ledbetter, Bruce Locke, Trey McGriff, Richard Morava, Brian Neal, Amir Perets, Petra Post, Letecia Reeder, Jay Romero, Lisa Shirley, Brent Sielaff, Crystal Spurlock, Doug Stroup, Leigh Takata, Jawad Talpur, Ruben Vidal, Ronald Wallace, Keonia Williams, Alex Zelenka",Mark Isham,"As a math savant uncooks the books for a new client, the Treasury Department closes in on his activities, and the body count starts to rise.","Christian Wolff is a math savant with more affinity for numbers than people. Behind the cover of a small-town CPA office, he works as a freelance accountant for some of the world's most dangerous criminal organizations. With the Treasury Department's Crime Enforcement Division, run by Ray King, starting to close in, Christian takes on a legitimate client: a state-of-the-art robotics company where an accounting clerk has discovered a discrepancy involving millions of dollars. But as Christian uncooks the books and gets closer to the truth, it is the body count that starts to rise.","https://m.media-amazon.com/images/M/MV5BNDc5Mzg2NTYxNV5BMl5BanBnXkFtZTgwMjQ2ODAwOTE@._V1_SY150_CR0,0,101,150_.jpg",https://m.media-amazon.com/images/M/MV5BNDc5Mzg2NTYxNV5BMl5BanBnXkFtZTgwMjQ2ODAwOTE@.jpg,"Cumulative Worldwide Gross - $155,160,045, Opening Weekend United States - $24,710,273, 16 Oct 2016, Budget - $44,000,000 (estimated)"
The Incredibles,2004,Animation|Action|Adventure|Family,"English, French",115,8.0,628546,Brad Bird,Brad Bird,"Craig T. Nelson, Holly Hunter, Samuel L. Jackson, Jason Lee, Dominique Louis, Teddy Newton, Jean Sincere, Eli Fucile, Maeve Andrews, Wallace Shawn, Spencer Fox, Lou Romano, Wayne Canney, Sarah Vowell, Michael Bird, Elizabeth Peña, Bud Luckey, Brad Bird, Bret 'Brook' Parker, Kimberly Adair Clark, John Ratzenberger, Mark Andrews, Nicholas Bird, Louis Martin Braga III, Mary Elizabeth Clark, Pete Docter, Louis Gonzales, Elizabeth Greenberg, Juliet Greenberg, Billy Guardino, Dennis 'D.J.' Jennings, Ollie Johnston, Bradford Lewis, Ted Mathot, Jazzie Mahannah, Randy Nelson, Bob Peterson, Jeff Pidgeon, Juliet Pokorny, Joe Ranft, Lori Richardson, A.J. Riebli III, Katherine Ringgold, Stephen Schaffer, Bob Scott, Peter Sohn, Andrew Stanton, Frank Thomas, Pamela Gaye Walker, Patrick Walker, Deirdre Warin, Rene Bitorajac, Branko Djuric, Bojana Gregoric, Sinisa Popovic, Filip Sovagovic, Ivica Vidovic, John Walker, Philip Wong",Michael Giacchino,"A family of undercover superheroes, while trying to live the quiet suburban life, are forced into action to save the world.::Fleebo","Bob Parr (A.K.A. Mr. Incredible), and his wife Helen (A.K.A. Elastigirl), are the world's greatest famous crime-fighting superheroes in Metroville. Always saving lives and battling evil on a daily basis. But fifteen years later, they have been forced to adopt civilian identities and retreat to the suburbs where they have no choice but to retire as superheroes to live a ""normal life"" with their three children Violet, Dash and Jack-Jack (who were secretly born with superpowers). Itching to get back into action, Bob gets his chance when a mysterious communication summons him to a remote island for a top secret assignment. He soon discovers that it will take a super family effort to rescue the world from total destruction.","https://m.media-amazon.com/images/M/MV5BMTY5OTU0OTc2NV5BMl5BanBnXkFtZTcwMzU4MDcyMQ@@._V1_SY150_CR0,0,101,150_.jpg",https://m.media-amazon.com/images/M/MV5BMTY5OTU0OTc2NV5BMl5BanBnXkFtZTcwMzU4MDcyMQ@@.jpg,"Cumulative Worldwide Gross - $631,442,092, Opening Weekend United States - $70,467,623, 07 Nov 2004, Budget - $92,000,000 (estimated)"
Hacksaw Ridge,2016,Biography|Drama|History|War,"English, Japanese",139,8.1,397450,Mel Gibson,"Robert Schenkkan, Andrew Knight","Andrew Garfield, Richard Pyros, Jacob Warner, Milo Gibson, Darcy Bryce, Roman Guerriero, James Lugton, Kasia Stelmach, Hugo Weaving, Rachel Griffiths, Jarin Towney, Tim McGarry, Tyler Coppin, Teresa Palmer, Richard Platt, Nathaniel Buzolic, Laura Buckton, Anthony Rizzo, Simon Edds, Thatcher McMaster, Charles Jacobs, Dennis Kreusler, Firass Dirani, Michael Sheasby, Luke Pegler, Ben Mingay, Luke Bracey, Nico Cortez, Goran D. Kleut, Harry Greenwood, Damien Thomlinson, Ben O'Toole, Vince Vaughn, Andrew Sears, Jim Robison, Nathan Baird, Samuel R. Wright, Mikael Koski, Troy Pickering, James Moffett, Sam Worthington, Josh Dean Williams, Richard Roxburgh, Andrew Hansch, John Cannon, Robert Morgan, Helmut Bakaitis, Georgia Adamson, Bill Young, Benedict Hardie, Philip Quast, James Mackay, Ryan Corr, Sam Parsonson, James O'Connell, Ori Pfeffer, Craig Reeves, Adrian Twigg, Sean Lynch, Luke McMahon, Bill Thompson, William Takayanagi-Temm, Kazuaki Ono, Thomas Unger, Eric Taugherbeck, Hayden Geens, Ned Law, Kazuki Yuyama, Daisaku Takeda, Raphael Dubois, Tim Potter, Santo Tripodi, Matt Nable, Laurence Brewer, John Batziolas, Nobuaki Shimamoto, Hiroshi Kasuga, Ryuzaburo Naruse, Taka Uematsu, Adam Bowes, Michael Hennessy, Benjamin McCann, Yuki Nagashima, Taki Abe, Daniel Thone, Nathan Halls, Nicholas Cowey, Charles Upton, Yoji Tatsuta, Toshiyuki Teramoto, Honsen Haga, Chris Bartlett, Jake Bennett, Jeremy Costello, Wez Debono, Matthew Dippel, Desmond T. Doss, Harold Doss, Akira Fujii, Mark Gadaleta, Jack Glover, Daniel Keen, Dragon Oli Lee, So Mang Lee, Tom Molnar, Jason Pugh, Milan Pulvermacher, Jim Punnett, Sam Romain, Matt Scaletti, Glen Snow, Andrew Wang, Michael Adam Welsh",Rupert Gregson-Williams,"World War II American Army Medic Desmond T. Doss, who served during the Battle of Okinawa, refuses to kill people, and becomes the first man in American history to receive the Medal of Honor without firing a shot.::bravomailer","The true story of Desmond T. Doss, the conscientious objector who, at the Battle of Okinawa, was awarded the Medal of Honor for his incredible bravery and regard for his fellow soldiers. We see his upbringing and how this shaped his views, especially his religious view and anti-killing stance. We see Doss's trials and tribulations after enlisting in the US Army and trying to become a medic. Finally, we see the hell on Earth that was Hacksaw Ridge.","https://m.media-amazon.com/images/M/MV5BMjQ1NjM3MTUxNV5BMl5BanBnXkFtZTgwMDc5MTY5OTE@._V1_SX101_CR0,0,101,150_.jpg",https://m.media-amazon.com/images/M/MV5BMjQ1NjM3MTUxNV5BMl5BanBnXkFtZTgwMDc5MTY5OTE@.jpg,"Budget - $40,000,000 (estimated), Cumulative Worldwide Gross - $175,302,354"
Inglourious Basterds,2009,Adventure|Drama|War,"English, German, French, Italian",153,8.3,1188657,Quentin Tarantino,Quentin Tarantino,"Brad Pitt, Mélanie Laurent, Christoph Waltz, Eli Roth, Michael Fassbender, Diane Kruger, Daniel Brühl, Til Schweiger, Gedeon Burkhard, Jacky Ido, B.J. Novak, Omar Doom, August Diehl, Denis Ménochet, Sylvester Groth, Martin Wuttke, Mike Myers, Julie Dreyfus, Richard Sammel, Alexander Fehling, Rod Taylor, Sönke Möhring, Samm Levine, Paul Rust, Michael Bacall, Arndt Schwering-Sohnrey, Petra Hartung, Volker Michalowski, Ken Duken, Christian Berkel, Anne-Sophie Franck, Léa Seydoux, Tina Rodriguez, Lena Friedrich, Ludger Pistor, Jana Pallaske, Wolfgang Lindner, Michael Kranz, Rainer Bock, André Penvern, Sebastian Hülk, Buddy Joe Hooker, Carlos Fidel, Christian Brückner, Hilmar Eichhorn, Patrick Elias, Eva Löbau, Salvadore Brandt, Jasper Linnewedel, Wilfried Hochholdinger, Olivier Girard, Michael Scheel, Leo Plank, Andreas Tietz, Bo Svenson, Enzo G. Castellari, Michael August, Bela B., Noémi Besedes, Alex Boden, Luke Burnyeat, Hélène Cardona, Guido Foehrweisser, Jake Garber, Claudina Hoff ter Heide, Samuel L. Jackson, Harvey Keitel, Frederik Klaus, Arnold Montey, Andrew Napier, Greg Nicotero, Niko Novick, Aleksandrs Petukhovs, Brendan Potter, Sabrina Rattey, Bea-Marie Rück, Daniela Schwerdt, Julia Smola, Quentin Tarantino, Vitus Wieser",-,"In Nazi-occupied France during World War II, a plan to assassinate Nazi leaders by a group of Jewish U.S. soldiers coincides with a theatre owner's vengeful plans for the same.::Brian McInnis","In German-occupied France, young Jewish refugee Shosanna Dreyfus witnesses the slaughter of her family by Colonel Hans Landa. Narrowly escaping with her life, she plots her revenge several years later when German war hero Fredrick Zoller takes a rapid interest in her and arranges an illustrious movie premiere at the theater she now runs. With the promise of every major Nazi officer in attendance, the event catches the attention of the ""Basterds"", a group of Jewish-American guerrilla soldiers led by the ruthless Lt. Aldo Raine. As the relentless executioners advance and the conspiring young girl's plans are set in motion, their paths will cross for a fateful evening that will shake the very annals of history.","https://m.media-amazon.com/images/M/MV5BOTJiNDEzOWYtMTVjOC00ZjlmLWE0NGMtZmE1OWVmZDQ2OWJhXkEyXkFqcGdeQXVyNTIzOTk5ODM@._V1_SY150_CR0,0,101,150_.jpg",https://m.media-amazon.com/images/M/MV5BOTJiNDEzOWYtMTVjOC00ZjlmLWE0NGMtZmE1OWVmZDQ2OWJhXkEyXkFqcGdeQXVyNTIzOTk5ODM@.jpg,"Opening Weekend Germany - EUR2,954,937, 23 Aug 2009, Budget - $75,000,000 (estimated), Cumulative Worldwide Gross - $313,600,000"
Split,2016,Horror|Thriller,English,117,7.3,393387,M. Night Shyamalan,M. Night Shyamalan,"James McAvoy, Anya Taylor-Joy, Betty Buckley, Haley Lu Richardson, Jessica Sula, Izzie Coffey, Brad William Henke, Sebastian Arcelus, Neal Huff, Ukee Washington, Ann Wood, Robert Michael Kelly, M. Night Shyamalan, Rosemary Howard, Jerome Gallman, Lyne Renee, Kate Jacoby, Peter Patrikios, Kash Goins, Roy James Wilson, Christopher Lee Philips, Julie Potter, Ameerah Briggs, Nakia Dillard, Robin Rieger, Emlyn Elisabeth Morinelli, Dann Fink, Bruce Winant, Kayla Anthony, Gary Ayash, Robert Bizik, Michaela Bockarie, Matthew Bowerman, Jeff Buckner, Colin Campbell, David Collihan, Corinne Costa, Steven Dennis, Gina Destra, Kim Director, Kerry Dutka, Barbara Edwards, Megan Teresa Flynn, Brian Gildea, Shawn Gonzalez, Laura Hart, Andrea Havens, Arielle Ingrassia-Smith, John Jillard Sr., Michael William Kondyra, Michael J. Kraycik, Jalina Mercado, John Mitchell, Jeffrey Mowery, Jessica Nelisa, Anthony Pasqua, Jon Douglas Rainey, Vincent Riviezzo, Shayna Ryan, Michelle Santiago, Francesco Scorsone, Maria Shamkalian, Aleksandra Svetlichnaya, Kelly Werkheiser, Bruce Willis",West Dylan Thordson,Three girls are kidnapped by a man with a diagnosed 23 distinct personalities. They must try to escape before the apparent emergence of a frightful new 24th.::Laurent Stanevich,"Though Kevin (James McAvoy) has evidenced 23 personalities to his trusted psychiatrist, Dr. Fletcher (Betty Buckley), there remains one still submerged who is set to materialize and dominate all of the others. Compelled to abduct three teenage girls led by the willful, observant Casey, Kevin reaches a war for survival among all of those contained within him -- as well as everyone around him -- as the walls between his compartments shatter.","https://m.media-amazon.com/images/M/MV5BZTJiNGM2NjItNDRiYy00ZjY0LTgwNTItZDBmZGRlODQ4YThkL2ltYWdlXkEyXkFqcGdeQXVyMjY5ODI4NDk@._V1_SY150_CR0,0,101,150_.jpg",https://m.media-amazon.com/images/M/MV5BZTJiNGM2NjItNDRiYy00ZjY0LTgwNTItZDBmZGRlODQ4YThkL2ltYWdlXkEyXkFqcGdeQXVyMjY5ODI4NDk@.jpg,"Budget - $9,000,000 (estimated), Cumulative Worldwide Gross - $278,454,358, Opening Weekend United States - $40,010,975, 22 Feb 2017"
Se7en,1995,Crime|Drama|Mystery|Thriller,English,127,8.6,1356022,David Fincher,Andrew Kevin Walker,"Morgan Freeman, Andrew Kevin Walker, Daniel Zacapa, Brad Pitt, Gwyneth Paltrow, John Cassini, Bob Mack, Peter Crombie, Reg E. Cathey, R. Lee Ermey, George Christy, Endre Hules, Hawthorne James, William Davidson, Bob Collins, Jimmy Dale Hartsell, Richard Roundtree, Charline Su, Dominique Jennings, Allan Kolman, Beverly Burke, Gene Borkan, Julie Araskog, Mario Di Donato, Alfonso Freeman, John C. McGinley, Harrison White, Bob Stephenson, Michael Reid MacKay, Kevin Spacey, Richard Portnow, Tudor Sherrard, Mark Boone Junior, Pamala Tyson, Lennie Loftin, Sarah Reinhardt, Emily Wagner, Martin Serene, Michael Massee, David Correia, Ron Blair, Jennifer Mueller, Leland Orser, Lexie Bigham, Evan Mirand, Paul Eckstein, Harris Savides, Rachel Flanagan, Heidi Schanz, Brian Evers, Shannon Wilcox, Richard Schiff, James Deeth, John Santin, Charles A. Tamburro, Richmond Arquette, Duffy Gaver, Charles S. Dutton, Gregory Fennell, Arthur Max",Howard Shore,"Two detectives, a rookie and a veteran, hunt a serial killer who uses the seven deadly sins as his motives.::ahmetkozan","A film about two homicide detectives' (Morgan Freeman and Brad Pitt) desperate hunt for a serial killer who justifies his crimes as absolution for the world's ignorance of the Seven Deadly Sins. The movie takes us from the tortured remains of one victim to the next as the sociopathic ""John Doe"" (Kevin Spacey) sermonizes to Detectives Somerset and Mills -- one sin at a time. The sin of Gluttony comes first and the murderer's terrible capacity is graphically demonstrated in the dark and subdued tones characteristic of film noir. The seasoned and cultured but jaded Somerset researches the Seven Deadly Sins in an effort to understand the killer's modus operandi while the bright but green and impulsive Detective Mills (Pitt) scoffs at his efforts to get inside the mind of a killer...","https://m.media-amazon.com/images/M/MV5BOTUwODM5MTctZjczMi00OTk4LTg3NWUtNmVhMTAzNTNjYjcyXkEyXkFqcGdeQXVyNjU0OTQ0OTY@._V1_SX101_CR0,0,101,150_.jpg",https://m.media-amazon.com/images/M/MV5BOTUwODM5MTctZjczMi00OTk4LTg3NWUtNmVhMTAzNTNjYjcyXkEyXkFqcGdeQXVyNjU0OTQ0OTY@.jpg,"Cumulative Worldwide Gross - $327,311,859, Opening Weekend United States - $13,949,807, 24 Sep 1995, Budget - $33,000,000 (estimated)"
